Subject,Trial,SSonLorR,RT,startingK,endingK,TrialStart,ITI,choiceUp,choiceMade,TrialOver,SSamount,LLamount,Condition,Choice,SSdelay,LLdelay,salienceCondition,day,runid,TaskInterval,RewardTrialRanked,Construal_QuestionText,Construal_AnswerText,Construal_Condition
2073,1,R,,,,,1.9931182748,,,,,38,1,,5,90,0,2,1,2.64615186775,21,Why use a remote?, Watch television.,1
2073,2,L,,,,,1.20672706653,,,,,26,1,,5,90,0,2,1,1.28508050315,48,Why cut paper?, Clip coupons.,1
2073,3,R,,,,,3.29318586105,,,,,33,1,,5,90,0,2,1,1.33575375428,6,Why consume medicine?, Reduce pain.,2
2073,4,R,,,,,2.57896670312,,,,,34,1,,5,90,0,2,1,1.10887462885,13,Why kill germs?, Avoid diseases.,2
2073,5,L,,,,,1.59666367946,,,,,35,1,,5,90,0,2,1,1.21417915251,17,How to build muscles?, Lift weights.,5
2073,6,L,,,,,2.23283246583,,,,,32,1,,5,90,0,2,1,1.45770131412,23,How to entertain oneself?, Watch television.,5
2073,7,L,,,,,1.20050082677,,,,,28,1,,5,90,0,2,1,1.14199074956,39,Why finish a job?, Feel productive.,3
2073,8,L,,,,,1.86173152892,,,,,20,1,,5,90,0,2,1,2.64148657409,41,Why show competence?, Pass the time.,3
2073,9,L,,,,,1.19138092299,,,,,36,1,,5,90,0,2,1,1.65522702307,58,How to open a browser?, Click a mouse.,4
2073,10,L,,,,,2.08221174597,,,,,29,1,,5,90,0,2,1,1.27831636772,46,How to dress formally?, Wear ties. ,4
2073,11,L,,,,,1.84024591654,,,,,24,1,,5,90,0,2,1,1.80564377042,47,How to feel productive?, Finish a job.,6
2073,12,R,,,,,1.15617960578,,,,,22,1,,5,90,0,2,1,1.9714143861,30,How to avoid mistakes?, Obey laws.,6
2073,13,R,,,,,4.44834517686,,,,,40,1,,5,90,0,2,1,2.60183053399,33,How to save money?, Clip coupons.,5
2073,14,R,,,,,1.16128978973,,,,,31,1,,5,90,0,2,1,5.40453829959,1,How to plan ahead?, Make a list.,5
2073,15,R,,,,,1.19092416242,,,,,39,1,,5,90,0,2,1,1.3074822447,12,Why make breakfast?, Satisfy hunger.,2
2073,16,R,,,,,2.06827204313,,,,,37,1,,5,90,0,2,1,1.91208154008,16,Why participate in class?, Show intelligence.,2
2073,17,R,,,,,1.08102784057,,,,,21,1,,5,90,0,2,1,2.55953836349,19,Why open a bottle?, Consume medicine.,1
2073,18,L,,,,,2.72751007362,,,,,27,1,,5,90,0,2,1,1.70838552258,15,Why use a comb?, Write a song.,1
2073,19,L,,,,,1.91918298536,,,,,25,1,,5,90,0,2,1,1.04266500895,38,Why hold a party?, Feel sociable.,3
2073,20,R,,,,,1.70295444239,,,,,23,1,,5,90,0,2,1,4.07364328451,42,Why satisfy hunger?, Show an ability.,3
2073,21,L,,,,,1.11601290503,,,,,31,1,,5,90,0,2,1,2.79227048951,43,How to show humility?, Build muscles.,6
2073,22,L,,,,,1.12407388391,,,,,24,1,,5,90,0,2,1,1.14817703671,36,How to feel connected?, Contact a friend.,6
2073,23,R,,,,,5.23010308364,,,,,25,1,,5,90,0,2,1,1.50313031428,11,How to make breakfast?, Crack eggs.,4
2073,24,R,,,,,1.87420921995,,,,,30,1,,5,90,0,2,1,2.20421802484,44,How to consume medicine?, Take pills. ,4
2073,25,L,,,,,1.29520869556,,,,,20,1,,5,90,0,2,1,4.62051202514,0,Why avoid diseases?, Live a long life.,3
2073,26,R,,,,,1.54759011543,,,,,23,1,,5,90,0,2,1,1.01239044693,35,Why get a promotion?, Achieve success.,3
2073,27,L,,,,,5.38261154485,,,,,37,1,,5,90,0,2,1,1.17805565513,57,How to feel nostalgia?, Keep a memory.,6
2073,28,R,,,,,1.12583584286,,,,,32,1,,5,90,0,2,1,1.72723479749,3,How to show an ability?, Satisfy hunger.,6
2073,29,R,,,,,1.36800980504,,,,,40,1,,5,90,0,2,1,1.2455818175,55,Why open a magazine?, Read articles.,1
2073,30,L,,,,,1.04718469062,,,,,22,1,,5,90,0,2,1,3.12840960953,20,Why wear ties?, Dress formally.,1
2073,31,R,,,,,2.11107848192,,,,,39,1,,5,90,0,2,1,2.97197228037,40,How to provide food?, Prepare meals.,5
2073,32,R,,,,,3.79881270753,,,,,26,1,,5,90,0,2,1,2.58670660389,24,How to avoid diseases?, Kill germs.,5
2073,33,R,,,,,1.59299917841,,,,,28,1,,5,90,0,2,1,2.08519824461,29,How to paint a picture?, Use a brush.,4
2073,34,L,,,,,1.30963778755,,,,,34,1,,5,90,0,2,1,1.12725852698,2,How to write a check?, Sign ones name.,4
2073,35,L,,,,,1.46897939789,,,,,29,1,,5,90,0,2,1,1.5755415417,8,Why read articles?, Gain knowledge.,2
2073,36,L,,,,,2.3714384269,,,,,33,1,,5,90,0,2,1,1.7773561478,27,Why watch television?, Show competence.,2
2073,37,R,,,,,1.33666380602,,,,,36,1,,5,90,0,2,1,1.55923343799,18,How to make a list?, Throw away trash.,4
2073,38,L,,,,,1.65510909609,,,,,38,1,,5,90,0,2,1,1.56777585875,4,How to go shopping?, Use credit cards.,4
2073,39,R,,,,,1.14644097255,,,,,27,1,,5,90,0,2,1,1.47578897127,54,Why make a list?, Plan ahead.,2
2073,40,R,,,,,2.38128921239,,,,,35,1,,5,90,0,2,1,1.76106892679,14,Why lift weights?, Build muscles.,2
2073,41,L,,,,,1.75260971892,,,,,20,1,,5,90,0,2,1,2.51397949598,25,Why lift a glass?, Drink wine.,1
2073,42,L,,,,,2.785821696,,,,,33,1,,5,90,0,2,1,3.22057837944,26,Why crack eggs?, Make breakfast.,1
2073,43,L,,,,,1.16393728245,,,,,22,1,,5,90,0,2,1,1.26580291069,53,How to show intelligence?, Participate in class.,5
2073,44,L,,,,,3.29947281911,,,,,40,1,,5,90,0,2,1,1.17178033326,45,How to gain knowledge?, Read articles.,5
2073,45,R,,,,,2.24122362087,,,,,39,1,,5,90,0,2,1,1.60981553403,49,How to support a cause?, Give to charity.,6
2073,46,R,,,,,2.78691737249,,,,,26,1,,5,90,0,2,1,3.36002438047,59,How to avoid boredom?, Entertain oneself.,6
2073,47,R,,,,,2.09327389311,,,,,24,1,,5,90,0,2,1,2.12256439144,50,Why build muscles?, Show humility.,3
2073,48,L,,,,,1.96995063714,,,,,23,1,,5,90,0,2,1,1.41499772665,22,Why attend a school?, Get a degree.,3
2073,49,L,,,,,1.39109917828,,,,,37,1,,5,90,0,2,1,1.48856688957,9,Why stir ingredients?, Mix a cocktail.,1
2073,50,R,,,,,2.63109388347,,,,,36,1,,5,90,0,2,1,1.58381956464,10,Why click a mouse?, Open a browser.,1
2073,51,R,,,,,2.89022890959,,,,,38,1,,5,90,0,2,1,2.48365248694,7,How to write a poem?, Grab a pencil.,4
2073,52,L,,,,,1.15529170138,,,,,21,1,,5,90,0,2,1,3.36900319245,32,How to drink wine?, Open a bottle. ,4
2073,53,L,,,,,1.26583868535,,,,,35,1,,5,90,0,2,1,1.16423534364,34,How to get a degree?, Attend a school.,6
2073,54,R,,,,,1.38797106689,,,,,32,1,,5,90,0,2,1,1.60169665091,37,How to live a long life?, Avoid diseases.,6
2073,55,R,,,,,1.88455408375,,,,,34,1,,5,90,0,2,1,1.68218232315,31,Why enter a classroom?, Attend a school.,2
2073,56,L,,,,,2.05635633224,,,,,25,1,,5,90,0,2,1,2.56770020647,52,Why go shopping?, Make a purchase.,2
2073,57,R,,,,,3.12673834729,,,,,28,1,,5,90,0,2,1,1.55413528807,51,How to reduce pain?, Consume medicine.,5
2073,58,L,,,,,2.49884539339,,,,,31,1,,5,90,0,2,1,2.10693698245,56,How to make a donation?, Mix a cocktail.,5
2073,59,R,,,,,1.3368497578,,,,,29,1,,5,90,0,2,1,2.26939372743,28,Why gain knowledge?, Improve oneself.,3
2073,60,L,,,,,2.1919012068,,,,,30,1,,5,90,0,2,1,1.60317031169,5,Why entertain others?, Express a talent.,3
