Subject,Trial,SSonLorR,RT,startingK,endingK,TrialStart,ITI,choiceUp,choiceMade,TrialOver,SSamount,LLamount,Condition,Choice,SSdelay,LLdelay,salienceCondition,day,runid,TaskInterval,RewardTrialRanked,Construal_QuestionText,Construal_AnswerText,Construal_Condition
2012,1,L,,,,,1.12272207066,,,,25,30,1,,3,,1,3,1,1.4907402044,10,How to feel productive?, Finish a job.,6
2012,2,L,,,,,1.71010349562,,,,25,30,1,,4,,1,3,1,1.33928829817,4,How to satisfy a need?, Make a purchase.,6
2012,3,R,,,,,1.89451487124,,,,25,30,1,,5,,1,3,1,1.89508925332,2,Why point a camera?, Take a picture.,1
2012,4,L,,,,,2.87729090657,,,,25,30,1,,1,,1,3,1,2.69842207517,42,Why use a remote?, Watch television.,1
2012,5,L,,,,,1.01683500931,,,,25,30,1,,7,,1,3,1,1.48456547952,29,Why teach a class?, Obey laws.,2
2012,6,R,,,,,3.32863923291,,,,25,30,1,,9,,1,3,1,1.46267076694,13,Why paint a picture?, Make art.,2
2012,7,R,,,,,2.875554605,,,,25,30,1,,6,,1,3,1,3.26362534852,55,How to take a picture?, Point a camera.,4
2012,8,R,,,,,1.77718115419,,,,25,30,1,,8,,1,3,1,1.6674274349,46,How to give a lecture?, Brush ones hair.,4
2012,9,R,,,,,1.54776122573,,,,25,30,1,,7,,1,3,1,3.25834444647,9,How to show appreciation?, Give applause.,5
2012,10,L,,,,,2.16068878948,,,,25,30,1,,4,,1,3,1,1.06368081376,27,How to attend a school?, Enter a classroom.,5
2012,11,R,,,,,1.50014345728,,,,25,30,1,,5,,1,3,1,1.086589629,58,Why build muscles?, Show humility.,3
2012,12,L,,,,,1.32007245848,,,,25,30,1,,3,,1,3,1,2.49851673925,52,Why show intelligence?, Impress others.,3
2012,13,L,,,,,1.42374129308,,,,25,30,1,,6,,1,3,1,1.05540091509,38,Why avoid diseases?, Live a long life.,3
2012,14,L,,,,,2.07159032885,,,,25,30,1,,2,,1,3,1,2.08265010623,18,Why make art?, Show creativity.,3
2012,15,R,,,,,3.66759182333,,,,25,30,1,,8,,1,3,1,2.33262604293,40,How to spread knowledge?, Teach others.,6
2012,16,L,,,,,1.40907632571,,,,25,30,1,,9,,1,3,1,1.21200654501,41,How to show humility?, Build muscles.,6
2012,17,R,,,,,1.30207271302,,,,25,30,1,,2,,1,3,1,2.47604596174,21,How to go shopping?, Use credit cards.,4
2012,18,R,,,,,2.29162532982,,,,25,30,1,,4,,1,3,1,2.21180944358,14,How to dress formally?, Wear ties. ,4
2012,19,R,,,,,1.12485254401,,,,25,30,1,,8,,1,3,1,2.52961648726,25,Why make breakfast?, Satisfy hunger.,2
2012,20,L,,,,,1.32320183572,,,,25,30,1,,3,,1,3,1,2.2162452739,59,Why kill germs?, Avoid diseases.,2
2012,21,R,,,,,3.92947527077,,,,25,30,1,,9,,1,3,1,1.78076427801,3,Why wear ties?, Dress formally.,1
2012,22,L,,,,,1.26664504363,,,,25,30,1,,5,,1,3,1,2.50848323974,35,Why stir ingredients?, Mix a cocktail.,1
2012,23,L,,,,,2.39229615391,,,,25,30,1,,1,,1,3,1,3.44470065101,8,How to satisfy hunger?, Make breakfast.,5
2012,24,R,,,,,1.94879213795,,,,25,30,1,,6,,1,3,1,1.30526139054,22,How to make a donation?, Mix a cocktail.,5
2012,25,R,,,,,1.92299551717,,,,25,30,1,,1,,1,3,1,1.19171792055,39,How to show an ability?, Satisfy hunger.,6
2012,26,L,,,,,1.33411112265,,,,25,30,1,,4,,1,3,1,3.1548369432,19,How to avoid boredom?, Entertain oneself.,6
2012,27,R,,,,,1.39546065411,,,,25,30,1,,6,,1,3,1,1.85789359628,44,How to write a poem?, Grab a pencil.,4
2012,28,L,,,,,2.3378354185,,,,25,30,1,,5,,1,3,1,2.55755298135,43,How to clip coupons?, Cut paper.,4
2012,29,R,,,,,1.31505984865,,,,25,30,1,,3,,1,3,1,1.7792263934,0,Why finish a job?, Feel productive.,3
2012,30,L,,,,,3.61018271455,,,,25,30,1,,9,,1,3,1,1.07167893048,53,Why provide food?, Help a person.,3
2012,31,R,,,,,2.14659655908,,,,25,30,1,,8,,1,3,1,1.32581963145,5,How to give to charity?, Use a camera.,5
2012,32,R,,,,,1.57383629348,,,,25,30,1,,7,,1,3,1,1.0440411432,45,How to plan ahead?, Make a list.,5
2012,33,L,,,,,1.53359955551,,,,25,30,1,,5,,1,3,1,3.01577627771,16,Why dial numbers?, Make a phone call.,1
2012,34,L,,,,,3.19610522538,,,,25,30,1,,4,,1,3,1,1.90443653225,1,Why lift a glass?, Drink wine.,1
2012,35,R,,,,,2.86681762929,,,,25,30,1,,1,,1,3,1,1.77569740715,20,Why consume caffeine?, Stay alert.,2
2012,36,L,,,,,1.92660048083,,,,25,30,1,,7,,1,3,1,2.28163197172,23,Why use a camera?, Give to charity.,2
2012,37,R,,,,,1.23255635889,,,,25,30,1,,6,,1,3,1,3.02341496943,34,How to feel connected?, Contact a friend.,6
2012,38,R,,,,,2.75253929206,,,,25,30,1,,8,,1,3,1,2.92273206744,26,How to avoid mistakes?, Obey laws.,6
2012,39,R,,,,,3.01250172545,,,,25,30,1,,3,,1,3,1,1.16818192387,6,Why get a promotion?, Achieve success.,3
2012,40,L,,,,,1.06956242792,,,,25,30,1,,2,,1,3,1,1.38708186382,48,Why plan ahead?, Reduce worry.,3
2012,41,L,,,,,2.80369308917,,,,25,30,1,,6,,1,3,1,2.60023180418,7,Why use chalk?, Get fit.,1
2012,42,L,,,,,1.05821238975,,,,25,30,1,,5,,1,3,1,1.27189357077,11,Why open a magazine?, Read articles.,1
2012,43,R,,,,,2.66786439828,,,,25,30,1,,8,,1,3,1,1.04443680312,47,Why give a lecture?, Teach others.,2
2012,44,R,,,,,1.82641388803,,,,25,30,1,,2,,1,3,1,5.15576653325,31,Why go shopping?, Make a purchase.,2
2012,45,L,,,,,3.47835991446,,,,25,30,1,,3,,1,3,1,1.04697365446,15,How to write a song?, Play piano.,4
2012,46,R,,,,,1.01382067668,,,,25,30,1,,4,,1,3,1,1.04793887332,36,How to write a check?, Sign ones name.,4
2012,47,L,,,,,1.33463549671,,,,25,30,1,,7,,1,3,1,1.10175512261,28,How to reduce pain?, Consume medicine.,5
2012,48,L,,,,,2.009223817,,,,25,30,1,,9,,1,3,1,3.85815861836,56,How to contact a friend?, Make a phone call.,5
2012,49,L,,,,,1.91797904438,,,,25,30,1,,5,,1,3,1,1.01790586012,57,How to show ambition?, Serve alcohol.,5
2012,50,R,,,,,3.78005887935,,,,25,30,1,,1,,1,3,1,1.72094499849,33,How to provide food?, Prepare meals.,5
2012,51,R,,,,,1.14144385361,,,,25,30,1,,7,,1,3,1,1.08530813556,49,Why click a mouse?, Open a browser.,1
2012,52,R,,,,,2.2336445264,,,,25,30,1,,3,,1,3,1,1.84167699889,50,Why sign ones name?, Write a check.,1
2012,53,L,,,,,1.46231838678,,,,25,30,1,,9,,1,3,1,2.02265516573,17,Why make a list?, Plan ahead.,2
2012,54,L,,,,,1.09107435686,,,,25,30,1,,4,,1,3,1,3.13470302516,54,Why read articles?, Gain knowledge.,2
2012,55,L,,,,,1.71884176831,,,,25,30,1,,8,,1,3,1,1.49029921413,51,Why give to charity?, Support a cause.,3
2012,56,R,,,,,3.30465109079,,,,25,30,1,,6,,1,3,1,2.33659424227,37,Why attend a school?, Get a degree.,3
2012,57,L,,,,,1.30088109138,,,,25,30,1,,5,,1,3,1,3.5558425903,24,How to achieve success?, Get a promotion.,6
2012,58,L,,,,,1.80063165815,,,,25,30,1,,9,,1,3,1,2.07045785139,30,How to feel secure?, Save money.,6
2012,59,R,,,,,2.24541078707,,,,25,30,1,,4,,1,3,1,1.74660304065,12,How to consume caffeine?, Press buttons.,4
2012,60,R,,,,,2.00728280979,,,,25,30,1,,2,,1,3,1,1.92735661318,32,How to watch television?, Use a remote.,4
