Subject,Trial,SSonLorR,RT,startingK,endingK,TrialStart,ITI,choiceUp,choiceMade,TrialOver,SSamount,LLamount,Condition,Choice,SSdelay,LLdelay,salienceCondition,day,runid,TaskInterval,RewardTrialRanked,Construal_QuestionText,Construal_AnswerText,Construal_Condition
2098,1,L,,,,,1.98334212918,,,,25,30,1,,2,,1,3,3,0.558186937553,1,,,
2098,2,R,,,,,2.28914095295,,,,25,30,1,,1,,1,3,3,0.972436517444,2,,,
2098,3,R,,,,,1.78570469981,,,,25,30,1,,6,,1,3,3,1.49237991707,3,,,
2098,4,L,,,,,1.04129216051,,,,25,30,1,,8,,1,3,3,0.632305854026,0,,,
