Subject,Trial,SSonLorR,RT,startingK,endingK,TrialStart,ITI,choiceUp,choiceMade,TrialOver,SSamount,LLamount,Condition,Choice,SSdelay,LLdelay,salienceCondition,day,runid,TaskInterval,RewardTrialRanked,Construal_QuestionText,Construal_AnswerText,Construal_Condition
2070,1,R,,,,,3.77003990226,,,,,22,1,,5,90,0,3,2,2.98898614769,14,How to support a cause?, Give to charity.,6
2070,2,L,,,,,2.27847156823,,,,,21,1,,5,90,0,3,2,1.23706432992,57,How to satisfy a need?, Make a purchase.,6
2070,3,L,,,,,2.57390198279,,,,,25,1,,5,90,0,3,2,2.77585269054,54,How to watch television?, Use a remote.,4
2070,4,R,,,,,1.51836751296,,,,,38,1,,5,90,0,3,2,1.52711430654,0,How to kill germs?, Wash ones hands.,4
2070,5,R,,,,,3.08956587139,,,,,39,1,,5,90,0,3,2,1.1756074671,47,Why give to charity?, Support a cause.,3
2070,6,R,,,,,1.0151640058,,,,,33,1,,5,90,0,3,2,1.14334346003,42,Why show competence?, Pass the time.,3
2070,7,R,,,,,1.2620788299,,,,,31,1,,5,90,0,3,2,2.19232082947,45,How to avoid diseases?, Kill germs.,5
2070,8,R,,,,,1.45146130473,,,,,30,1,,5,90,0,3,2,1.88337667364,3,How to make art?, Paint a picture.,5
2070,9,L,,,,,2.49641500852,,,,,23,1,,5,90,0,3,2,1.62404247769,9,Why clip coupons?, Save money.,2
2070,10,R,,,,,1.26132286077,,,,,40,1,,5,90,0,3,2,2.47990340217,13,Why make a list?, Plan ahead.,2
2070,11,L,,,,,1.23291583731,,,,,28,1,,5,90,0,3,2,2.98031675948,56,Why sign ones name?, Write a check.,1
2070,12,R,,,,,2.45748200197,,,,,34,1,,5,90,0,3,2,2.18814275254,40,Why point a camera?, Take a picture.,1
2070,13,L,,,,,2.24553528584,,,,,35,1,,5,90,0,3,2,1.05765063817,1,How to clip coupons?, Cut paper.,4
2070,14,R,,,,,3.08989716392,,,,,32,1,,5,90,0,3,2,1.44665167206,22,How to give applause?, Clap hands.,4
2070,15,L,,,,,1.57447845373,,,,,20,1,,5,90,0,3,2,1.57286557052,43,How to provide food?, Prepare meals.,5
2070,16,R,,,,,2.52935074637,,,,,29,1,,5,90,0,3,2,1.18907354312,39,How to build muscles?, Lift weights.,5
2070,17,L,,,,,2.0529062386,,,,,26,1,,5,90,0,3,2,1.34698144218,37,Why get a promotion?, Achieve success.,3
2070,18,L,,,,,1.21215666155,,,,,27,1,,5,90,0,3,2,1.38720942175,17,Why build muscles?, Show humility.,3
2070,19,R,,,,,1.09372356809,,,,,36,1,,5,90,0,3,2,1.26522640213,23,Why use a comb?, Write a song.,1
2070,20,R,,,,,3.29475428519,,,,,37,1,,5,90,0,3,2,5.39134400554,26,Why turn a doorknob?, Enter a classroom.,1
2070,21,L,,,,,1.01923742975,,,,,40,1,,5,90,0,3,2,3.43040609645,53,How to achieve success?, Get a promotion.,6
2070,22,L,,,,,1.26879624931,,,,,35,1,,5,90,0,3,2,1.18796054467,36,How to feel sociable?, Hold a party.,6
2070,23,L,,,,,1.0837699587,,,,,22,1,,5,90,0,3,2,1.766117659,35,Why give a lecture?, Teach others.,2
2070,24,L,,,,,2.36631809211,,,,,26,1,,5,90,0,3,2,2.04441781482,32,Why consume caffeine?, Stay alert.,2
2070,25,R,,,,,2.99923845213,,,,,27,1,,5,90,0,3,2,1.52673222435,59,Why throw away trash?, Make a list.,1
2070,26,L,,,,,2.56557635538,,,,,33,1,,5,90,0,3,2,1.55785036649,41,Why drink coffee?, Consume caffeine.,1
2070,27,L,,,,,2.48834087841,,,,,28,1,,5,90,0,3,2,1.90097011418,27,Why watch television?, Show competence.,2
2070,28,L,,,,,1.00484143215,,,,,37,1,,5,90,0,3,2,2.33148025419,46,Why make a phone call?, Contact a friend.,2
2070,29,R,,,,,2.80218543619,,,,,38,1,,5,90,0,3,2,3.85856785388,33,How to live a long life?, Avoid diseases.,6
2070,30,R,,,,,1.43975364908,,,,,32,1,,5,90,0,3,2,1.59787261444,34,How to feel secure?, Save money.,6
2070,31,R,,,,,1.15985605011,,,,,23,1,,5,90,0,3,2,1.81270963788,7,Why gain knowledge?, Improve oneself.,3
2070,32,L,,,,,1.55345262307,,,,,31,1,,5,90,0,3,2,2.53797095018,58,Why make a purchase?, Satisfy a need.,3
2070,33,L,,,,,2.87988638055,,,,,24,1,,5,90,0,3,2,1.10199769468,20,How to consume caffeine?, Press buttons.,4
2070,34,R,,,,,1.31385622429,,,,,21,1,,5,90,0,3,2,2.47128348481,55,How to consume medicine?, Take pills. ,4
2070,35,R,,,,,2.42700356001,,,,,20,1,,5,90,0,3,2,1.57119144389,50,How to gain knowledge?, Read articles.,5
2070,36,L,,,,,1.58383170793,,,,,25,1,,5,90,0,3,2,1.82642132062,30,How to save money?, Clip coupons.,5
2070,37,R,,,,,2.20186413425,,,,,34,1,,5,90,0,3,2,3.14865638256,15,How to write an email?, Open a browser.,5
2070,38,L,,,,,2.65133172356,,,,,30,1,,5,90,0,3,2,1.42441320997,19,How to show appreciation?, Give applause.,5
2070,39,R,,,,,1.68046221711,,,,,39,1,,5,90,0,3,2,2.53002833649,10,How to avoid mistakes?, Obey laws.,6
2070,40,L,,,,,1.77443828424,,,,,29,1,,5,90,0,3,2,2.75634885113,21,How to get a degree?, Attend a school.,6
2070,41,L,,,,,2.15784735991,,,,,25,1,,5,90,0,3,2,1.54197830651,49,Why consume medicine?, Reduce pain.,2
2070,42,R,,,,,2.61807255981,,,,,29,1,,5,90,0,3,2,1.8165822393,38,Why go shopping?, Make a purchase.,2
2070,43,L,,,,,1.61163334888,,,,,24,1,,5,90,0,3,2,2.36890047954,25,How to dress formally?, Wear ties. ,4
2070,44,R,,,,,1.45224883784,,,,,37,1,,5,90,0,3,2,2.7271559913,5,How to lift weights?, Fasten seatbelt.,4
2070,45,R,,,,,2.57069330456,,,,,38,1,,5,90,0,3,2,1.53457579061,6,Why open a magazine?, Read articles.,1
2070,46,L,,,,,2.37234354856,,,,,34,1,,5,90,0,3,2,1.15497164164,8,Why clap hands?, Give applause.,1
2070,47,R,,,,,2.2152933645,,,,,39,1,,5,90,0,3,2,1.03488575604,31,Why reduce pain?, Feel well.,3
2070,48,L,,,,,1.37972584435,,,,,36,1,,5,90,0,3,2,2.16579780909,16,Why keep a memory?, Feel nostalgia.,3
2070,49,L,,,,,3.19932185687,,,,,30,1,,5,90,0,3,2,3.23849693812,11,How to reduce pain?, Consume medicine.,5
2070,50,R,,,,,1.3656843515,,,,,27,1,,5,90,0,3,2,2.37145475416,2,How to entertain others?, Write a song.,5
2070,51,R,,,,,2.33115488197,,,,,33,1,,5,90,0,3,2,1.47200260993,12,How to give a lecture?, Brush ones hair.,4
2070,52,L,,,,,1.31812200457,,,,,31,1,,5,90,0,3,2,1.15492553595,52,How to take a picture?, Point a camera.,4
2070,53,L,,,,,1.48750729082,,,,,22,1,,5,90,0,3,2,1.05622962874,18,Why use a camera?, Give to charity.,2
2070,54,R,,,,,1.6898382319,,,,,20,1,,5,90,0,3,2,3.17067952157,28,Why paint a picture?, Make art.,2
2070,55,L,,,,,1.78182629963,,,,,26,1,,5,90,0,3,2,2.99658377052,4,Why plan ahead?, Reduce worry.,3
2070,56,L,,,,,4.18277813475,,,,,21,1,,5,90,0,3,2,1.43107858835,44,Why hold a party?, Feel sociable.,3
2070,57,R,,,,,2.40668654061,,,,,35,1,,5,90,0,3,2,2.21557539234,29,Why click a mouse?, Open a browser.,1
2070,58,L,,,,,1.94341957619,,,,,23,1,,5,90,0,3,2,1.38256831039,48,Why crack eggs?, Make breakfast.,1
2070,59,R,,,,,1.2344898462,,,,,28,1,,5,90,0,3,2,1.43201669493,24,How to express a talent?, Entertain others.,6
2070,60,R,,,,,1.19204224539,,,,,40,1,,5,90,0,3,2,3.33786384585,51,How to spread knowledge?, Teach others.,6
