Subject,Trial,SSonLorR,RT,startingK,endingK,TrialStart,ITI,choiceUp,choiceMade,TrialOver,SSamount,LLamount,Condition,Choice,SSdelay,LLdelay,salienceCondition,day,runid,TaskInterval,RewardTrialRanked,Construal_QuestionText,Construal_AnswerText,Construal_Condition
2070,1,L,,,,,1.87995068361,,,,,37,1,,5,90,0,1,2,1.14962296615,14,How to make a donation?, Mix a cocktail.,5
2070,2,L,,,,,2.32555650723,,,,,32,1,,5,90,0,1,2,1.58428907112,57,How to get a promotion?, Arrive on time.,5
2070,3,R,,,,,1.43417357402,,,,,27,1,,5,90,0,1,2,2.65901267088,27,Why drink wine?, Consume alcohol.,2
2070,4,R,,,,,1.11443720405,,,,,21,1,,5,90,0,1,2,1.34735966351,2,Why give a lecture?, Teach others.,2
2070,5,R,,,,,2.1008074462,,,,,33,1,,5,90,0,1,2,2.1429361081,23,How to feel productive?, Finish a job.,6
2070,6,R,,,,,3.34603817714,,,,,22,1,,5,90,0,1,2,2.78299132087,24,How to feel nostalgia?, Keep a memory.,6
2070,7,R,,,,,2.68528737211,,,,,40,1,,5,90,0,1,2,1.157450426,3,Why drink coffee?, Consume caffeine.,1
2070,8,R,,,,,1.41045111799,,,,,30,1,,5,90,0,1,2,1.24779650532,51,Why take aspirin?, Serve alcohol.,1
2070,9,L,,,,,1.600677586,,,,,24,1,,5,90,0,1,2,3.02136774348,49,Why satisfy hunger?, Show an ability.,3
2070,10,R,,,,,1.7323989771,,,,,34,1,,5,90,0,1,2,1.06863211166,21,Why show intelligence?, Impress others.,3
2070,11,L,,,,,2.60036910465,,,,,25,1,,5,90,0,1,2,3.5888223323,18,How to make a phone call?, Dial numbers.,4
2070,12,L,,,,,1.45905285136,,,,,31,1,,5,90,0,1,2,3.67376462658,10,How to open a browser?, Click a mouse.,4
2070,13,R,,,,,2.14568304459,,,,,36,1,,5,90,0,1,2,1.54639546986,20,Why show competence?, Pass the time.,3
2070,14,L,,,,,3.6255354643,,,,,29,1,,5,90,0,1,2,2.01114281455,56,Why get a promotion?, Achieve success.,3
2070,15,L,,,,,1.39758624738,,,,,38,1,,5,90,0,1,2,1.3653585315,44,Why cut paper?, Clip coupons.,1
2070,16,L,,,,,1.35744475058,,,,,39,1,,5,90,0,1,2,1.09731173316,39,Why clap hands?, Give applause.,1
2070,17,L,,,,,2.31253540939,,,,,20,1,,5,90,0,1,2,1.29261983468,29,Why read articles?, Gain knowledge.,2
2070,18,R,,,,,1.18547583667,,,,,28,1,,5,90,0,1,2,2.31970215965,46,Why consume medicine?, Reduce pain.,2
2070,19,R,,,,,2.38137899845,,,,,26,1,,5,90,0,1,2,2.67935738912,11,How to make a purchase?, Go shopping.,5
2070,20,L,,,,,1.89764698998,,,,,35,1,,5,90,0,1,2,1.93887809578,5,How to gain knowledge?, Read articles.,5
2070,21,R,,,,,1.53403075372,,,,,28,1,,5,90,0,1,2,1.71821496203,31,How to feel connected?, Contact a friend.,6
2070,22,R,,,,,3.19908046125,,,,,23,1,,5,90,0,1,2,1.92949088754,26,How to improve oneself?, Gain knowledge.,6
2070,23,L,,,,,1.45947243272,,,,,37,1,,5,90,0,1,2,1.14536350772,33,How to write a poem?, Grab a pencil.,4
2070,24,L,,,,,1.06562361597,,,,,38,1,,5,90,0,1,2,3.19353451535,54,How to take a picture?, Point a camera.,4
2070,25,R,,,,,2.28340340737,,,,,26,1,,5,90,0,1,2,1.82813736963,58,Why lift weights?, Build muscles.,2
2070,26,L,,,,,4.22387441918,,,,,35,1,,5,90,0,1,2,3.57680092543,28,Why clip coupons?, Save money.,2
2070,27,R,,,,,1.87821246491,,,,,27,1,,5,90,0,1,2,1.68303279088,12,Why wash ones hands?, Kill germs.,1
2070,28,R,,,,,1.00605686455,,,,,33,1,,5,90,0,1,2,1.75468964934,42,Why open a bottle?, Consume medicine.,1
2070,29,L,,,,,2.95451641731,,,,,30,1,,5,90,0,1,2,1.58550306598,22,Why avoid diseases?, Live a long life.,3
2070,30,L,,,,,1.11097740973,,,,,20,1,,5,90,0,1,2,1.31622299707,36,Why finish a job?, Feel productive.,3
2070,31,R,,,,,2.10944544332,,,,,21,1,,5,90,0,1,2,1.09812044419,17,How to reduce pain?, Consume medicine.,5
2070,32,L,,,,,1.28665929504,,,,,34,1,,5,90,0,1,2,1.92656862636,45,How to attend a school?, Enter a classroom.,5
2070,33,R,,,,,2.1490636762,,,,,22,1,,5,90,0,1,2,3.53061475128,55,How to support a cause?, Give to charity.,6
2070,34,L,,,,,2.09782081773,,,,,29,1,,5,90,0,1,2,1.41546307423,7,How to reduce worry?, Plan ahead.,6
2070,35,L,,,,,1.48340712356,,,,,32,1,,5,90,0,1,2,3.19039225078,38,How to watch television?, Use a remote.,4
2070,36,R,,,,,1.47673529199,,,,,25,1,,5,90,0,1,2,1.18977376293,6,How to drink wine?, Open a bottle. ,4
2070,37,L,,,,,3.15772514737,,,,,40,1,,5,90,0,1,2,1.46357168416,52,How to achieve success?, Get a promotion.,6
2070,38,R,,,,,1.58736867189,,,,,39,1,,5,90,0,1,2,1.35815921385,59,How to feel sociable?, Hold a party.,6
2070,39,L,,,,,1.79679890691,,,,,36,1,,5,90,0,1,2,3.1149064781,50,How to go shopping?, Use credit cards.,4
2070,40,L,,,,,2.28110573556,,,,,24,1,,5,90,0,1,2,3.44851877563,13,How to clip coupons?, Cut paper.,4
2070,41,R,,,,,1.94802240024,,,,,35,1,,5,90,0,1,2,1.50101908109,40,Why paint a picture?, Make art.,2
2070,42,R,,,,,1.70665227486,,,,,39,1,,5,90,0,1,2,1.81362966447,1,Why make a list?, Plan ahead.,2
2070,43,L,,,,,1.19376383359,,,,,24,1,,5,90,0,1,2,2.67681385544,8,Why give to charity?, Support a cause.,3
2070,44,R,,,,,3.56273185908,,,,,31,1,,5,90,0,1,2,2.47614194898,53,Why show appreciation?, Spread joy.,3
2070,45,R,,,,,2.4128213385,,,,,33,1,,5,90,0,1,2,1.00490959606,19,Why use chalk?, Get fit.,1
2070,46,L,,,,,1.37166054932,,,,,29,1,,5,90,0,1,2,1.20608032778,47,Why use a comb?, Write a song.,1
2070,47,R,,,,,1.71727943952,,,,,30,1,,5,90,0,1,2,1.2438831124,43,How to show intelligence?, Participate in class.,5
2070,48,L,,,,,2.64281140535,,,,,28,1,,5,90,0,1,2,2.57281323931,34,How to show appreciation?, Give applause.,5
2070,49,L,,,,,1.26288028453,,,,,22,1,,5,90,0,1,2,1.23345732392,9,Why enter a classroom?, Attend a school.,2
2070,50,R,,,,,2.21928462067,,,,,37,1,,5,90,0,1,2,4.06679631568,16,Why participate in class?, Show intelligence.,2
2070,51,R,,,,,1.16865804761,,,,,23,1,,5,90,0,1,2,1.19019570132,15,Why reduce pain?, Feel well.,3
2070,52,L,,,,,1.62846205344,,,,,34,1,,5,90,0,1,2,1.44783595763,30,Why write an email?, Send a message.,3
2070,53,L,,,,,2.99200335335,,,,,26,1,,5,90,0,1,2,3.8363622247,41,Why throw away trash?, Make a list.,1
2070,54,R,,,,,2.91693712063,,,,,32,1,,5,90,0,1,2,1.26821785153,0,Why use a remote?, Watch television.,1
2070,55,R,,,,,2.96231351646,,,,,27,1,,5,90,0,1,2,3.0053088666,35,How to spread knowledge?, Teach others.,6
2070,56,R,,,,,2.06683547246,,,,,38,1,,5,90,0,1,2,1.53796433996,4,How to impress others?, Show intelligence.,6
2070,57,L,,,,,1.75299410875,,,,,36,1,,5,90,0,1,2,1.04025140622,48,How to make a list?, Throw away trash.,4
2070,58,L,,,,,1.62971742095,,,,,40,1,,5,90,0,1,2,2.21571281063,37,How to lift weights?, Fasten seatbelt.,4
2070,59,R,,,,,1.82155774435,,,,,25,1,,5,90,0,1,2,1.5531873784,32,How to satisfy hunger?, Make breakfast.,5
2070,60,L,,,,,1.21067392622,,,,,21,1,,5,90,0,1,2,2.11821920659,25,How to save money?, Clip coupons.,5
