Subject,Trial,SSonLorR,RT,startingK,endingK,TrialStart,ITI,choiceUp,choiceMade,TrialOver,SSamount,LLamount,Condition,Choice,SSdelay,LLdelay,salienceCondition,day,runid,TaskInterval,RewardTrialRanked,Construal_QuestionText,Construal_AnswerText,Construal_Condition
2101,1,L,,,,,1.35746312356,,,,25,30,1,,7,,1,3,2,1.45530155861,55,Why use a camera?, Give to charity.,2
2101,2,L,,,,,1.27515473556,,,,25,30,1,,3,,1,3,2,1.38754545088,28,Why make a phone call?, Contact a friend.,2
2101,3,R,,,,,2.27546512002,,,,25,30,1,,8,,1,3,2,1.90385592913,35,How to go shopping?, Use credit cards.,4
2101,4,R,,,,,3.37529113615,,,,25,30,1,,1,,1,3,2,3.33832504368,14,How to make breakfast?, Crack eggs.,4
2101,5,L,,,,,1.02111053542,,,,25,30,1,,5,,1,3,2,1.19987574737,40,Why stir ingredients?, Mix a cocktail.,1
2101,6,L,,,,,1.16917624541,,,,25,30,1,,4,,1,3,2,1.42922302208,27,Why point a camera?, Take a picture.,1
2101,7,L,,,,,1.76011079709,,,,25,30,1,,9,,1,3,2,1.14759383302,29,How to consume alcohol?, Drink wine.,5
2101,8,L,,,,,1.77934527271,,,,25,30,1,,6,,1,3,2,1.53967197154,56,How to show appreciation?, Give applause.,5
2101,9,L,,,,,2.12643589504,,,,25,30,1,,5,,1,3,2,1.01238141958,57,Why gain knowledge?, Improve oneself.,3
2101,10,R,,,,,2.74085652524,,,,25,30,1,,1,,1,3,2,3.14856571954,49,Why show appreciation?, Spread joy.,3
2101,11,R,,,,,1.04376026221,,,,25,30,1,,8,,1,3,2,2.0972088897,16,How to show an ability?, Satisfy hunger.,6
2101,12,L,,,,,2.19727786557,,,,25,30,1,,6,,1,3,2,1.23737717963,47,How to feel well?, Reduce pain.,6
2101,13,R,,,,,1.14099876108,,,,25,30,1,,7,,1,3,2,1.04178676874,58,How to provide food?, Prepare meals.,5
2101,14,R,,,,,1.97077193546,,,,25,30,1,,9,,1,3,2,3.23119009431,41,How to make a donation?, Mix a cocktail.,5
2101,15,L,,,,,1.920599119,,,,25,30,1,,3,,1,3,2,3.20767651796,44,Why throw away trash?, Make a list.,1
2101,16,R,,,,,3.87584470984,,,,25,30,1,,2,,1,3,2,1.49930404518,36,Why raise a hand?, Participate in class.,1
2101,17,R,,,,,3.5477353072,,,,25,30,1,,6,,1,3,2,1.59924640991,20,How to support a cause?, Give to charity.,6
2101,18,L,,,,,2.25372440831,,,,25,30,1,,8,,1,3,2,3.9708074121,32,How to reduce worry?, Plan ahead.,6
2101,19,R,,,,,2.07744576791,,,,25,30,1,,1,,1,3,2,1.95313696111,25,How to write a song?, Play piano.,4
2101,20,L,,,,,1.51228232601,,,,25,30,1,,4,,1,3,2,1.67960040125,18,How to mix a cocktail?, Stir ingredients.,4
2101,21,R,,,,,2.1925085774,,,,25,30,1,,5,,1,3,2,1.18098552844,5,Why drink wine?, Consume alcohol.,2
2101,22,L,,,,,2.8179349064,,,,25,30,1,,3,,1,3,2,1.89077744121,42,Why give applause?, Show appreciation.,2
2101,23,R,,,,,1.01133743019,,,,25,30,1,,2,,1,3,2,5.14349535909,50,Why satisfy hunger?, Show an ability.,3
2101,24,R,,,,,1.27125276767,,,,25,30,1,,9,,1,3,2,1.13277041709,9,Why write an email?, Send a message.,3
2101,25,L,,,,,2.08439589469,,,,25,30,1,,6,,1,3,2,3.21610671403,1,How to participate in class?, Raise a hand.,4
2101,26,L,,,,,3.37564031428,,,,25,30,1,,5,,1,3,2,1.26091859167,22,How to clip coupons?, Cut paper.,4
2101,27,L,,,,,1.87541309493,,,,25,30,1,,4,,1,3,2,4.34134200483,26,Why build muscles?, Show humility.,3
2101,28,R,,,,,1.28551713796,,,,25,30,1,,3,,1,3,2,1.21048684227,34,Why entertain others?, Express a talent.,3
2101,29,R,,,,,1.94706010601,,,,25,30,1,,9,,1,3,2,1.29997123917,6,How to reduce pain?, Consume medicine.,5
2101,30,R,,,,,1.86983805381,,,,25,30,1,,2,,1,3,2,1.10488149256,19,How to express doubt?, Use scissors.,5
2101,31,L,,,,,1.2316156092,,,,25,30,1,,7,,1,3,2,1.10540809442,48,How to avoid mistakes?, Obey laws.,6
2101,32,R,,,,,2.21573818153,,,,25,30,1,,8,,1,3,2,2.49253839112,24,How to feel nostalgia?, Keep a memory.,6
2101,33,L,,,,,3.40004707738,,,,25,30,1,,9,,1,3,2,2.44593953221,10,Why participate in class?, Show intelligence.,2
2101,34,L,,,,,1.0882869971,,,,25,30,1,,4,,1,3,2,1.70916299649,15,Why go shopping?, Make a purchase.,2
2101,35,R,,,,,2.89825316598,,,,25,30,1,,5,,1,3,2,1.44034394009,52,Why click a mouse?, Open a browser.,1
2101,36,R,,,,,1.61712062509,,,,25,30,1,,3,,1,3,2,2.23937814718,21,Why open a bottle?, Consume medicine.,1
2101,37,L,,,,,3.92963893613,,,,25,30,1,,7,,1,3,2,1.27658371624,17,How to avoid boredom?, Entertain oneself.,6
2101,38,R,,,,,1.42406520323,,,,25,30,1,,6,,1,3,2,2.64176364719,37,How to achieve success?, Get a promotion.,6
2101,39,L,,,,,1.25580383719,,,,25,30,1,,2,,1,3,2,1.03185647635,43,Why plan ahead?, Reduce worry.,3
2101,40,L,,,,,1.46560954451,,,,25,30,1,,8,,1,3,2,3.00935919294,30,Why avoid diseases?, Live a long life.,3
2101,41,R,,,,,1.49751193978,,,,25,30,1,,9,,1,3,2,1.50517518658,12,Why use a remote?, Watch television.,1
2101,42,R,,,,,1.28645771178,,,,25,30,1,,8,,1,3,2,2.42235260126,7,Why cut paper?, Clip coupons.,1
2101,43,R,,,,,1.28072693368,,,,25,30,1,,6,,1,3,2,3.37164291508,3,Why kill germs?, Avoid diseases.,2
2101,44,L,,,,,1.94200513793,,,,25,30,1,,1,,1,3,2,1.24853772694,23,Why watch television?, Show competence.,2
2101,45,R,,,,,1.19951818537,,,,25,30,1,,3,,1,3,2,1.27385986216,33,How to paint a picture?, Use a brush.,4
2101,46,R,,,,,2.69629330531,,,,25,30,1,,4,,1,3,2,1.35399499954,0,How to give applause?, Clap hands.,4
2101,47,L,,,,,2.42281003622,,,,25,30,1,,2,,1,3,2,2.61784903523,51,How to avoid diseases?, Kill germs.,5
2101,48,L,,,,,2.28103509733,,,,25,30,1,,7,,1,3,2,1.6069458984,38,How to show ambition?, Serve alcohol.,5
2101,49,R,,,,,1.10506556439,,,,25,30,1,,4,,1,3,2,2.6443242717,11,Why show intelligence?, Impress others.,3
2101,50,L,,,,,1.88333349212,,,,25,30,1,,7,,1,3,2,2.39603684314,45,Why contact a friend?, Feel connected.,3
2101,51,L,,,,,2.34804251686,,,,25,30,1,,8,,1,3,2,1.76198844808,8,Why enter a classroom?, Attend a school.,2
2101,52,R,,,,,1.73369720362,,,,25,30,1,,1,,1,3,2,1.01635527131,46,Why clip coupons?, Save money.,2
2101,53,L,,,,,4.85045005443,,,,25,30,1,,5,,1,3,2,2.30945943328,4,How to build muscles?, Lift weights.,5
2101,54,R,,,,,1.35066732732,,,,25,30,1,,2,,1,3,2,1.53643491677,13,How to plan ahead?, Make a list.,5
2101,55,R,,,,,1.57028078474,,,,25,30,1,,3,,1,3,2,1.64457216135,39,How to feel productive?, Finish a job.,6
2101,56,L,,,,,2.34146186967,,,,25,30,1,,9,,1,3,2,1.0960996926,31,How to spread joy?, Get a job.,6
2101,57,L,,,,,2.08032728057,,,,25,30,1,,3,,1,3,2,2.68812992674,2,How to make a list?, Throw away trash.,4
2101,58,R,,,,,2.97250165389,,,,25,30,1,,6,,1,3,2,2.29676930339,54,How to make a phone call?, Dial numbers.,4
2101,59,L,,,,,1.91895001216,,,,25,30,1,,9,,1,3,2,1.75574129174,59,Why drink coffee?, Consume caffeine.,1
2101,60,R,,,,,1.48229134314,,,,25,30,1,,1,,1,3,2,3.80606073148,53,Why sign ones name?, Write a check.,1
