Subject,Trial,SSonLorR,RT,startingK,endingK,TrialStart,ITI,choiceUp,choiceMade,TrialOver,SSamount,LLamount,Condition,Choice,SSdelay,LLdelay,salienceCondition,day,runid,TaskInterval,RewardTrialRanked,Construal_QuestionText,Construal_AnswerText,Construal_Condition
2167,1,L,,,,,2.22392238519,,,,,27,1,,5,90,0,3,3,0.9345289223,2,,,
2167,2,L,,,,,1.19354844444,,,,,36,1,,5,90,0,3,3,0.501373550459,0,,,
2167,3,R,,,,,1.70061081675,,,,,37,1,,5,90,0,3,3,1.46595214988,3,,,
2167,4,R,,,,,3.10320791593,,,,,20,1,,5,90,0,3,3,0.733022413371,1,,,
