Subject,Trial,SSonLorR,RT,startingK,endingK,TrialStart,ITI,choiceUp,choiceMade,TrialOver,SSamount,LLamount,Condition,Choice,SSdelay,LLdelay,salienceCondition,day,runid,TaskInterval,RewardTrialRanked,Construal_QuestionText,Construal_AnswerText,Construal_Condition
2118,1,L,,,,,2.64470772206,,,,25,30,1,,2,,1,2,3,1.06368928109,2,,,
2118,2,L,,,,,1.45792205055,,,,25,30,1,,5,,1,2,3,0.550755710889,3,,,
2118,3,R,,,,,1.20537975098,,,,25,30,1,,8,,1,2,3,0.939680082514,1,,,
2118,4,R,,,,,2.64324316261,,,,25,30,1,,6,,1,2,3,0.548992742848,0,,,
