Subject,Trial,SSonLorR,RT,startingK,endingK,TrialStart,ITI,choiceUp,choiceMade,TrialOver,SSamount,LLamount,Condition,Choice,SSdelay,LLdelay,salienceCondition,day,runid,TaskInterval,RewardTrialRanked,Construal_QuestionText,Construal_AnswerText,Construal_Condition
2097,1,R,,,,,2.98576664295,,,,,33,1,,5,90,0,3,3,1.83280062936,2,,,
2097,2,R,,,,,1.53411987646,,,,,23,1,,5,90,0,3,3,0.537489164521,1,,,
2097,3,L,,,,,1.15314190577,,,,,28,1,,5,90,0,3,3,0.599809216772,0,,,
2097,4,L,,,,,2.39444324474,,,,,34,1,,5,90,0,3,3,0.885183788331,3,,,
