Subject,Trial,SSonLorR,RT,startingK,endingK,TrialStart,ITI,choiceUp,choiceMade,TrialOver,SSamount,LLamount,Condition,Choice,SSdelay,LLdelay,salienceCondition,day,runid,TaskInterval,RewardTrialRanked,Construal_QuestionText,Construal_AnswerText,Construal_Condition
2174,1,R,,,,,3.05625518266,,,,25,30,1,,4,,1,2,3,1.03012056236,3,,,
2174,2,L,,,,,2.37400183877,,,,25,30,1,,8,,1,2,3,0.778429678163,0,,,
2174,3,R,,,,,0.643549405249,,,,25,30,1,,6,,1,2,3,1.66447526669,1,,,
2174,4,L,,,,,1.27099555735,,,,25,30,1,,1,,1,2,3,0.695200575679,2,,,
