Subject,Trial,SSonLorR,RT,startingK,endingK,TrialStart,ITI,choiceUp,choiceMade,TrialOver,SSamount,LLamount,Condition,Choice,SSdelay,LLdelay,salienceCondition,day,runid,TaskInterval,RewardTrialRanked,Construal_QuestionText,Construal_AnswerText,Construal_Condition
2092,1,L,,,,,1.14411826892,,,,25,30,1,,2,,1,2,3,0.817943600463,0,,,
2092,2,L,,,,,1.57997169828,,,,25,30,1,,6,,1,2,3,0.982099244885,3,,,
2092,3,R,,,,,1.47714338351,,,,25,30,1,,7,,1,2,3,0.751389471557,1,,,
2092,4,R,,,,,4.38840444724,,,,25,30,1,,4,,1,2,3,0.644580189544,2,,,
