Subject,Trial,SSonLorR,RT,startingK,endingK,TrialStart,ITI,choiceUp,choiceMade,TrialOver,SSamount,LLamount,Condition,Choice,SSdelay,LLdelay,salienceCondition,day,runid,TaskInterval,RewardTrialRanked,Construal_QuestionText,Construal_AnswerText,Construal_Condition
2087,1,R,,,,,1.16556079232,,,,25,30,1,,7,,1,2,2,1.51058670978,53,How to give applause?, Clap hands.,4
2087,2,L,,,,,1.45941451529,,,,25,30,1,,6,,1,2,2,3.0780088606,38,How to give a lecture?, Brush ones hair.,4
2087,3,L,,,,,2.26783538245,,,,25,30,1,,9,,1,2,2,1.53614912979,46,How to improve oneself?, Gain knowledge.,6
2087,4,L,,,,,1.75299053809,,,,25,30,1,,4,,1,2,2,1.15400873595,50,How to show creativity?, Make art.,6
2087,5,R,,,,,1.69722261303,,,,25,30,1,,3,,1,2,2,3.99551103599,26,Why drink coffee?, Consume caffeine.,1
2087,6,L,,,,,2.65931005712,,,,25,30,1,,5,,1,2,2,1.14833065624,5,Why follow recipes?, Prepare meals.,1
2087,7,L,,,,,1.07452689009,,,,25,30,1,,8,,1,2,2,4.0283789421,30,Why avoid diseases?, Live a long life.,3
2087,8,L,,,,,1.64495394451,,,,25,30,1,,1,,1,2,2,2.68609358169,47,Why satisfy hunger?, Show an ability.,3
2087,9,R,,,,,2.46258452092,,,,25,30,1,,8,,1,2,2,1.28363700699,56,Why go shopping?, Make a purchase.,2
2087,10,L,,,,,2.69829172108,,,,25,30,1,,6,,1,2,2,1.55195890401,27,Why write a poem?, Express an idea.,2
2087,11,R,,,,,1.09252104866,,,,25,30,1,,3,,1,2,2,1.95978096157,15,How to contact a friend?, Make a phone call.,5
2087,12,R,,,,,3.7775256644,,,,25,30,1,,2,,1,2,2,1.62772297522,25,How to provide food?, Prepare meals.,5
2087,13,R,,,,,1.4880629338,,,,25,30,1,,1,,1,2,2,1.46058258393,23,How to gain knowledge?, Read articles.,5
2087,14,L,,,,,3.11451950065,,,,25,30,1,,4,,1,2,2,2.62660482475,51,How to entertain others?, Write a song.,5
2087,15,R,,,,,1.1053394176,,,,25,30,1,,9,,1,2,2,2.60175314283,20,How to spread joy?, Get a job.,6
2087,16,L,,,,,1.16604943975,,,,25,30,1,,7,,1,2,2,1.66369014006,54,How to feel connected?, Contact a friend.,6
2087,17,R,,,,,1.85457028191,,,,25,30,1,,6,,1,2,2,1.28821630158,32,How to open a browser?, Click a mouse.,4
2087,18,R,,,,,2.79746495325,,,,25,30,1,,3,,1,2,2,1.0691315375,59,How to paint a picture?, Use a brush.,4
2087,19,R,,,,,1.78273076365,,,,25,30,1,,4,,1,2,2,1.38764441986,37,Why take aspirin?, Serve alcohol.,1
2087,20,L,,,,,1.23026198269,,,,25,30,1,,1,,1,2,2,1.98268769878,33,Why clap hands?, Give applause.,1
2087,21,L,,,,,4.15456244806,,,,25,30,1,,8,,1,2,2,3.56447247602,31,Why finish a job?, Feel productive.,3
2087,22,L,,,,,1.01979521251,,,,25,30,1,,7,,1,2,2,1.69256531694,42,Why reduce pain?, Feel well.,3
2087,23,R,,,,,1.91813314184,,,,25,30,1,,5,,1,2,2,1.01495805995,41,Why take a picture?, Keep a memory.,2
2087,24,R,,,,,1.74311574092,,,,25,30,1,,9,,1,2,2,2.81552226437,57,Why open a browser?, Write an email.,2
2087,25,L,,,,,1.92595922614,,,,25,30,1,,8,,1,2,2,1.35463642409,6,Why teach a class?, Obey laws.,2
2087,26,R,,,,,2.86107827312,,,,25,30,1,,2,,1,2,2,2.42264214512,48,Why read articles?, Gain knowledge.,2
2087,27,L,,,,,4.51947300675,,,,25,30,1,,4,,1,2,2,2.57032836391,58,How to reduce pain?, Consume medicine.,5
2087,28,R,,,,,1.11183405635,,,,25,30,1,,3,,1,2,2,2.1581281768,44,How to satisfy hunger?, Make breakfast.,5
2087,29,L,,,,,1.29449130802,,,,25,30,1,,1,,1,2,2,1.06073281814,16,How to drink wine?, Open a bottle. ,4
2087,30,R,,,,,1.27764712262,,,,25,30,1,,9,,1,2,2,1.00053356945,45,How to take a picture?, Point a camera.,4
2087,31,R,,,,,1.08744912631,,,,25,30,1,,7,,1,2,2,3.17086469614,36,Why gain knowledge?, Improve oneself.,3
2087,32,L,,,,,3.91097860697,,,,25,30,1,,5,,1,2,2,1.53585877527,7,Why show courtesy?, Make a friend.,3
2087,33,R,,,,,1.99737272775,,,,25,30,1,,6,,1,2,2,1.01152283443,52,How to feel sociable?, Hold a party.,6
2087,34,R,,,,,1.36257332178,,,,25,30,1,,9,,1,2,2,2.51326492165,13,How to feel productive?, Finish a job.,6
2087,35,L,,,,,2.89818383411,,,,25,30,1,,1,,1,2,2,3.40709303843,10,Why use chalk?, Get fit.,1
2087,36,L,,,,,1.15461831396,,,,25,30,1,,5,,1,2,2,1.4600622297,3,Why crack eggs?, Make breakfast.,1
2087,37,R,,,,,2.9253798384,,,,25,30,1,,4,,1,2,2,2.07843051042,49,Why give applause?, Show appreciation.,2
2087,38,L,,,,,1.62674818783,,,,25,30,1,,2,,1,2,2,2.91145732965,29,Why kill germs?, Avoid diseases.,2
2087,39,R,,,,,1.02413891819,,,,25,30,1,,7,,1,2,2,1.00410346158,1,How to live a long life?, Avoid diseases.,6
2087,40,L,,,,,1.47256141365,,,,25,30,1,,8,,1,2,2,2.01752989853,55,How to feel nostalgia?, Keep a memory.,6
2087,41,L,,,,,2.13132630335,,,,25,30,1,,2,,1,2,2,1.06286308019,8,Why dial numbers?, Make a phone call.,1
2087,42,R,,,,,2.20475395355,,,,25,30,1,,1,,1,2,2,3.13570457894,35,Why sign ones name?, Write a check.,1
2087,43,L,,,,,1.15947676193,,,,25,30,1,,6,,1,2,2,1.30012901265,21,Why show appreciation?, Spread joy.,3
2087,44,R,,,,,3.56910743817,,,,25,30,1,,9,,1,2,2,1.94186062444,9,Why contact a friend?, Feel connected.,3
2087,45,L,,,,,2.17434617544,,,,25,30,1,,3,,1,2,2,2.08214334587,43,How to dress formally?, Wear ties. ,4
2087,46,R,,,,,2.05004473707,,,,25,30,1,,5,,1,2,2,1.35124359129,18,How to consume caffeine?, Press buttons.,4
2087,47,L,,,,,1.97801243022,,,,25,30,1,,4,,1,2,2,3.24178479853,19,How to entertain oneself?, Watch television.,5
2087,48,R,,,,,1.26048508496,,,,25,30,1,,7,,1,2,2,2.04145953026,2,How to show intelligence?, Participate in class.,5
2087,49,R,,,,,2.55583790194,,,,25,30,1,,3,,1,2,2,3.19800044922,0,Why consume medicine?, Reduce pain.,2
2087,50,L,,,,,1.7147964523,,,,25,30,1,,7,,1,2,2,1.14964006039,4,Why watch television?, Show competence.,2
2087,51,R,,,,,2.45133395539,,,,25,30,1,,4,,1,2,2,3.31545387253,39,How to teach others?, Give a lecture.,5
2087,52,L,,,,,1.63226343971,,,,25,30,1,,6,,1,2,2,1.28975535785,12,How to show appreciation?, Give applause.,5
2087,53,R,,,,,1.25607342758,,,,25,30,1,,1,,1,2,2,1.26493162017,11,How to show an ability?, Satisfy hunger.,6
2087,54,L,,,,,1.50087288295,,,,25,30,1,,5,,1,2,2,1.71944719256,22,How to reduce worry?, Plan ahead.,6
2087,55,R,,,,,3.74641616581,,,,25,30,1,,9,,1,2,2,1.31319073654,34,Why attend a school?, Get a degree.,3
2087,56,R,,,,,2.98645980228,,,,25,30,1,,8,,1,2,2,1.05122657887,28,Why save money?, Get fit.,3
2087,57,L,,,,,1.14243511167,,,,25,30,1,,6,,1,2,2,1.62342784605,17,How to kill germs?, Wash ones hands.,4
2087,58,R,,,,,1.47878741821,,,,25,30,1,,1,,1,2,2,1.59768052881,40,How to mix a cocktail?, Stir ingredients.,4
2087,59,L,,,,,1.59064920426,,,,25,30,1,,2,,1,2,2,3.17278236192,24,Why use a comb?, Write a song.,1
2087,60,L,,,,,1.48454362674,,,,25,30,1,,8,,1,2,2,3.21166468404,14,Why raise a hand?, Participate in class.,1
