Subject,Trial,SSonLorR,RT,startingK,endingK,TrialStart,ITI,choiceUp,choiceMade,TrialOver,SSamount,LLamount,Condition,Choice,SSdelay,LLdelay,salienceCondition,day,runid,TaskInterval,RewardTrialRanked,Construal_QuestionText,Construal_AnswerText,Construal_Condition
2101,1,L,,,,,0.667221385262,,,,25,30,1,,2,,1,2,4,0.541704614613,0,,,
2101,2,R,,,,,4.60149395141,,,,25,30,1,,3,,1,2,4,0.751452328587,3,,,
2101,3,L,,,,,1.08513892104,,,,25,30,1,,5,,1,2,4,0.733447896316,2,,,
2101,4,R,,,,,2.23612680356,,,,25,30,1,,7,,1,2,4,1.07746836286,1,,,
