Subject,Trial,SSonLorR,RT,startingK,endingK,TrialStart,ITI,choiceUp,choiceMade,TrialOver,SSamount,LLamount,Condition,Choice,SSdelay,LLdelay,salienceCondition,day,runid,TaskInterval,RewardTrialRanked,Construal_QuestionText,Construal_AnswerText,Construal_Condition
2010,1,L,,,,,2.00981220626,,,,25,30,1,,2,,1,2,3,0.87404920213,2,,,
2010,2,L,,,,,2.6380796648,,,,25,30,1,,4,,1,2,3,0.582843433721,0,,,
2010,3,R,,,,,0.567439079951,,,,25,30,1,,7,,1,2,3,0.963519120628,3,,,
2010,4,R,,,,,2.92934339378,,,,25,30,1,,5,,1,2,3,0.764830570314,1,,,
