Subject,Trial,SSonLorR,RT,startingK,endingK,TrialStart,ITI,choiceUp,choiceMade,TrialOver,SSamount,LLamount,Condition,Choice,SSdelay,LLdelay,salienceCondition,day,runid,TaskInterval,RewardTrialRanked,Construal_QuestionText,Construal_AnswerText,Construal_Condition
2079,1,R,,,,,3.96573695373,,,,25,30,1,,1,,1,3,4,0.685361217356,2,,,
2079,2,R,,,,,0.715490735528,,,,25,30,1,,7,,1,3,4,1.15364827984,0,,,
2079,3,L,,,,,2.80692495824,,,,25,30,1,,6,,1,3,4,0.601817195352,1,,,
2079,4,L,,,,,0.637766760013,,,,25,30,1,,3,,1,3,4,0.99781017299,3,,,
