Subject,Trial,SSonLorR,RT,startingK,endingK,TrialStart,ITI,choiceUp,choiceMade,TrialOver,SSamount,LLamount,Condition,Choice,SSdelay,LLdelay,salienceCondition,day,runid,TaskInterval,RewardTrialRanked,Construal_QuestionText,Construal_AnswerText,Construal_Condition
2056,1,R,,,,,1.1383992699,,,,25,30,1,,4,,1,3,1,2.01068978804,1,How to make a donation?, Mix a cocktail.,5
2056,2,R,,,,,1.59489371637,,,,25,30,1,,6,,1,3,1,1.36658240614,10,How to entertain others?, Write a song.,5
2056,3,L,,,,,3.04659978329,,,,25,30,1,,7,,1,3,1,2.45500374219,46,Why make a list?, Plan ahead.,2
2056,4,L,,,,,3.19000782318,,,,25,30,1,,1,,1,3,1,1.08391443447,45,Why dress formally?, Get a promotion.,2
2056,5,R,,,,,1.04402761686,,,,25,30,1,,3,,1,3,1,1.31867834076,24,Why contact a friend?, Feel connected.,3
2056,6,L,,,,,1.99402663244,,,,25,30,1,,5,,1,3,1,1.11317827703,27,Why make a purchase?, Satisfy a need.,3
2056,7,L,,,,,1.21802158568,,,,25,30,1,,9,,1,3,1,1.17488024039,6,How to spread knowledge?, Teach others.,6
2056,8,R,,,,,2.48155192464,,,,25,30,1,,2,,1,3,1,1.41682056375,19,How to impress others?, Show intelligence.,6
2056,9,L,,,,,1.08414022452,,,,25,30,1,,2,,1,3,1,2.22010391977,42,Why turn a doorknob?, Enter a classroom.,1
2056,10,R,,,,,1.427633063,,,,25,30,1,,3,,1,3,1,1.52695261818,7,Why stir ingredients?, Mix a cocktail.,1
2056,11,L,,,,,2.56715259882,,,,25,30,1,,9,,1,3,1,1.25669087344,50,How to make a phone call?, Dial numbers.,4
2056,12,L,,,,,1.43530624444,,,,25,30,1,,4,,1,3,1,4.8920995478,21,How to give applause?, Clap hands.,4
2056,13,R,,,,,1.1095262769,,,,25,30,1,,6,,1,3,1,1.34528147646,25,How to feel connected?, Contact a friend.,6
2056,14,R,,,,,1.15812986789,,,,25,30,1,,5,,1,3,1,2.11883713768,57,How to achieve success?, Get a promotion.,6
2056,15,L,,,,,1.78288554295,,,,25,30,1,,7,,1,3,1,1.81681896356,37,Why open a magazine?, Read articles.,1
2056,16,R,,,,,1.42285313151,,,,25,30,1,,8,,1,3,1,2.03831001373,34,Why raise a hand?, Participate in class.,1
2056,17,L,,,,,2.93663800568,,,,25,30,1,,1,,1,3,1,3.72160376695,55,How to give to charity?, Use a camera.,5
2056,18,R,,,,,1.08750545288,,,,25,30,1,,5,,1,3,1,4.50922896798,23,How to entertain oneself?, Watch television.,5
2056,19,R,,,,,6.26258516605,,,,25,30,1,,8,,1,3,1,1.03614645638,18,Why show courtesy?, Make a friend.,3
2056,20,L,,,,,1.69127665978,,,,25,30,1,,6,,1,3,1,1.25144534741,51,Why share ideas?, Show intellect.,3
2056,21,L,,,,,1.94016154062,,,,25,30,1,,4,,1,3,1,2.33517345656,36,How to consume medicine?, Take pills. ,4
2056,22,L,,,,,3.29338194922,,,,25,30,1,,3,,1,3,1,2.21749360401,44,How to participate in class?, Raise a hand.,4
2056,23,R,,,,,1.09185887986,,,,25,30,1,,7,,1,3,1,1.3555720407,52,Why watch television?, Show competence.,2
2056,24,R,,,,,1.22315894772,,,,25,30,1,,2,,1,3,1,2.19981944962,29,Why open a browser?, Write an email.,2
2056,25,R,,,,,1.02980692973,,,,25,30,1,,4,,1,3,1,1.15824508266,15,How to show cleanliness?, Write an email.,6
2056,26,L,,,,,2.14837264005,,,,25,30,1,,8,,1,3,1,1.01708171791,0,How to show intellect?, Share ideas.,6
2056,27,L,,,,,1.24286345002,,,,25,30,1,,6,,1,3,1,2.35247450093,59,Why drink coffee?, Consume caffeine.,1
2056,28,R,,,,,3.49767539101,,,,25,30,1,,9,,1,3,1,3.58205551552,33,Why sign ones name?, Write a check.,1
2056,29,R,,,,,4.01752240907,,,,25,30,1,,5,,1,3,1,2.25576909617,43,Why lift weights?, Build muscles.,2
2056,30,L,,,,,1.50123050627,,,,25,30,1,,2,,1,3,1,1.32389683853,12,Why drink wine?, Consume alcohol.,2
2056,31,L,,,,,1.4663706032,,,,25,30,1,,3,,1,3,1,2.68933515967,49,How to lift weights?, Fasten seatbelt.,4
2056,32,R,,,,,2.53518506798,,,,25,30,1,,7,,1,3,1,2.16968121437,38,How to drink wine?, Open a bottle. ,4
2056,33,R,,,,,2.50407430815,,,,25,30,1,,3,,1,3,1,1.07848638795,17,Why plan ahead?, Reduce worry.,3
2056,34,L,,,,,1.20475023113,,,,25,30,1,,5,,1,3,1,3.71480220594,48,Why provide food?, Help a person.,3
2056,35,L,,,,,1.27363258389,,,,25,30,1,,9,,1,3,1,1.77925970131,28,How to get a promotion?, Arrive on time.,5
2056,36,R,,,,,1.81600563089,,,,25,30,1,,8,,1,3,1,1.41799369639,22,How to contact a friend?, Make a phone call.,5
2056,37,L,,,,,1.35458284347,,,,25,30,1,,6,,1,3,1,1.03196817792,2,Why get a promotion?, Achieve success.,3
2056,38,R,,,,,1.75825480334,,,,25,30,1,,4,,1,3,1,1.50276864403,26,Why show appreciation?, Spread joy.,3
2056,39,L,,,,,1.80391085812,,,,25,30,1,,1,,1,3,1,1.9638132932,54,How to show ambition?, Serve alcohol.,5
2056,40,R,,,,,1.88155457743,,,,25,30,1,,7,,1,3,1,1.64577039558,3,How to gain knowledge?, Read articles.,5
2056,41,L,,,,,2.05451761581,,,,25,30,1,,2,,1,3,1,2.37634101714,11,How to give a lecture?, Brush ones hair.,4
2056,42,R,,,,,3.38593888568,,,,25,30,1,,6,,1,3,1,3.63443263822,30,How to prepare meals?, Follow recipes.,4
2056,43,R,,,,,1.92453702815,,,,25,30,1,,5,,1,3,1,1.18735459786,9,Why throw away trash?, Make a list.,1
2056,44,L,,,,,5.10043843959,,,,25,30,1,,8,,1,3,1,1.53157787719,20,Why wear ties?, Dress formally.,1
2056,45,L,,,,,1.62448689135,,,,25,30,1,,1,,1,3,1,3.90298479013,13,Why give applause?, Show appreciation.,2
2056,46,L,,,,,1.1092108084,,,,25,30,1,,3,,1,3,1,1.40642707986,5,Why consume caffeine?, Stay alert.,2
2056,47,R,,,,,1.68750336151,,,,25,30,1,,7,,1,3,1,1.62100676644,31,How to feel productive?, Finish a job.,6
2056,48,R,,,,,1.18229371755,,,,25,30,1,,9,,1,3,1,1.07402490509,40,How to improve oneself?, Gain knowledge.,6
2056,49,L,,,,,1.80300255493,,,,25,30,1,,6,,1,3,1,1.54161016241,41,How to kill germs?, Wash ones hands.,4
2056,50,L,,,,,1.37534924769,,,,25,30,1,,2,,1,3,1,1.63555681101,4,How to read articles?, Open a magazine.,4
2056,51,R,,,,,1.36852248202,,,,25,30,1,,1,,1,3,1,1.08245739314,16,How to show creativity?, Make art.,6
2056,52,L,,,,,2.00479562358,,,,25,30,1,,8,,1,3,1,1.5739078131,8,How to spread joy?, Get a job.,6
2056,53,R,,,,,2.4378846131,,,,25,30,1,,9,,1,3,1,3.50029529262,14,How to build muscles?, Lift weights.,5
2056,54,R,,,,,1.68821297363,,,,25,30,1,,4,,1,3,1,4.20822147945,35,How to make a purchase?, Go shopping.,5
2056,55,R,,,,,1.5026983691,,,,25,30,1,,7,,1,3,1,1.3080515077,39,Why click a mouse?, Open a browser.,1
2056,56,L,,,,,4.35339914919,,,,25,30,1,,3,,1,3,1,1.5674914218,47,Why lift a glass?, Drink wine.,1
2056,57,L,,,,,2.63854715784,,,,25,30,1,,7,,1,3,1,1.3141015984,53,Why make art?, Show creativity.,3
2056,58,R,,,,,1.1896256915,,,,25,30,1,,8,,1,3,1,1.18964010104,56,Why give to charity?, Support a cause.,3
2056,59,R,,,,,1.02207830558,,,,25,30,1,,2,,1,3,1,3.43628175585,58,Why teach a class?, Obey laws.,2
2056,60,L,,,,,2.17207025206,,,,25,30,1,,9,,1,3,1,1.69002083014,32,Why write a song?, Seek advice.,2
