Subject,Trial,SSonLorR,RT,startingK,endingK,TrialStart,ITI,choiceUp,choiceMade,TrialOver,SSamount,LLamount,Condition,Choice,SSdelay,LLdelay,salienceCondition,day,runid,TaskInterval,RewardTrialRanked,Construal_QuestionText,Construal_AnswerText,Construal_Condition
2017,1,R,,,,,2.1144142681,,,,25,30,1,,6,,1,1,4,0.943862770882,7,How to make breakfast?, Crack eggs.,4
2017,2,R,,,,,0.817569742869,,,,25,30,1,,9,,1,1,4,0.719529737994,8,How to make a list?, Throw away trash.,4
2017,3,R,,,,,2.22046158162,,,,25,30,1,,4,,1,1,4,1.52550835161,1,Why build muscles?, Show humility.,3
2017,4,L,,,,,1.09056716201,,,,25,30,1,,3,,1,1,4,0.643323178137,10,Why reduce pain?, Feel well.,3
2017,5,L,,,,,1.14756751704,,,,25,30,1,,1,,1,1,4,0.924020264446,4,How to write an email?, Open a browser.,5
2017,6,L,,,,,0.913983971301,,,,25,30,1,,5,,1,1,4,0.775097202871,6,How to make a purchase?, Go shopping.,5
2017,7,L,,,,,6.43793691251,,,,25,30,1,,2,,1,1,4,1.27261971547,5,Why dress formally?, Get a promotion.,2
2017,8,L,,,,,1.12896261872,,,,25,30,1,,7,,1,1,4,0.781116421175,9,Why make a list?, Plan ahead.,2
2017,9,R,,,,,0.898413390643,,,,25,30,1,,5,,1,1,4,1.58236778642,11,How to reduce worry?, Plan ahead.,6
2017,10,R,,,,,1.48152705396,,,,25,30,1,,1,,1,1,4,1.34317593299,2,How to support a cause?, Give to charity.,6
2017,11,R,,,,,4.40942258757,,,,25,30,1,,6,,1,1,4,0.794107766769,3,Why use chalk?, Get fit.,1
2017,12,L,,,,,1.26138958318,,,,25,30,1,,4,,1,1,4,1.47211522762,0,Why cut paper?, Clip coupons.,1
