Subject,Trial,SSonLorR,RT,startingK,endingK,TrialStart,ITI,choiceUp,choiceMade,TrialOver,SSamount,LLamount,Condition,Choice,SSdelay,LLdelay,salienceCondition,day,runid,TaskInterval,RewardTrialRanked,Construal_QuestionText,Construal_AnswerText,Construal_Condition
2006,1,L,,,,,2.66748506344,,,,25,30,1,,5,,1,2,3,1.22254703441,1,,,
2006,2,R,,,,,1.70652446731,,,,25,30,1,,2,,1,2,3,1.33268446982,0,,,
2006,3,R,,,,,2.33031189666,,,,25,30,1,,4,,1,2,3,1.34191152133,2,,,
2006,4,L,,,,,1.0675451225,,,,25,30,1,,9,,1,2,3,0.742015558174,3,,,
