Subject,Trial,SSonLorR,RT,startingK,endingK,TrialStart,ITI,choiceUp,choiceMade,TrialOver,SSamount,LLamount,Condition,Choice,SSdelay,LLdelay,salienceCondition,day,runid,TaskInterval,RewardTrialRanked,Construal_QuestionText,Construal_AnswerText,Construal_Condition
2065,1,R,,,,,2.32019385326,,,,,34,1,,5,90,0,2,3,0.691473817722,3,,,
2065,2,L,,,,,0.719641682702,,,,,25,1,,5,90,0,2,3,1.09478306787,1,,,
2065,3,L,,,,,2.04195891268,,,,,26,1,,5,90,0,2,3,0.599025056441,2,,,
2065,4,R,,,,,2.51032979604,,,,,32,1,,5,90,0,2,3,2.31521958303,0,,,
