Subject,Trial,SSonLorR,RT,startingK,endingK,TrialStart,ITI,choiceUp,choiceMade,TrialOver,SSamount,LLamount,Condition,Choice,SSdelay,LLdelay,salienceCondition,day,runid,TaskInterval,RewardTrialRanked,Construal_QuestionText,Construal_AnswerText,Construal_Condition
2025,1,R,,,,,0.689595026801,,,,,26,1,,5,90,0,1,3,0.542779622984,10,Why use a brush?, Paint a picture.,1
2025,2,R,,,,,0.769410071277,,,,,31,1,,5,90,0,1,3,1.93569382877,2,Why throw away trash?, Make a list.,1
2025,3,R,,,,,3.3716122938,,,,,37,1,,5,90,0,1,3,0.561078044634,9,How to feel well?, Reduce pain.,6
2025,4,R,,,,,0.945853958837,,,,,24,1,,5,90,0,1,3,1.07474941742,0,How to feel sociable?, Hold a party.,6
2025,5,L,,,,,2.80250228915,,,,,22,1,,5,90,0,1,3,1.37756327989,11,Why gain knowledge?, Improve oneself.,3
2025,6,L,,,,,0.816408072405,,,,,32,1,,5,90,0,1,3,0.715359728459,8,Why share ideas?, Show intellect.,3
2025,7,R,,,,,0.591927070131,,,,,30,1,,5,90,0,1,3,1.77454468351,1,How to entertain oneself?, Watch television.,5
2025,8,L,,,,,3.02855078176,,,,,34,1,,5,90,0,1,3,0.629526242216,5,How to make art?, Paint a picture.,5
2025,9,L,,,,,3.642386233,,,,,27,1,,5,90,0,1,3,0.988468653068,4,Why watch television?, Show competence.,2
2025,10,L,,,,,1.3146063129,,,,,39,1,,5,90,0,1,3,1.01271507053,3,Why kill germs?, Avoid diseases.,2
2025,11,L,,,,,4.30365096127,,,,,38,1,,5,90,0,1,3,0.705617791926,7,How to write a poem?, Grab a pencil.,4
2025,12,R,,,,,1.44034181023,,,,,29,1,,5,90,0,1,3,0.699253764797,6,How to consume medicine?, Take pills. ,4
