Subject,Trial,SSonLorR,RT,startingK,endingK,TrialStart,ITI,choiceUp,choiceMade,TrialOver,SSamount,LLamount,Condition,Choice,SSdelay,LLdelay,salienceCondition,day,runid,TaskInterval,RewardTrialRanked,Construal_QuestionText,Construal_AnswerText,Construal_Condition
2118,1,R,,,,,1.5946273601,,,,,35,1,,5,90,0,1,2,2.8001409272,53,How to feel productive?, Finish a job.,6
2118,2,L,,,,,1.25618653617,,,,,33,1,,5,90,0,1,2,1.22555311324,6,How to express a talent?, Entertain others.,6
2118,3,L,,,,,1.93519027223,,,,,36,1,,5,90,0,1,2,1.57704192196,40,How to show appreciation?, Give applause.,5
2118,4,R,,,,,1.83261447647,,,,,26,1,,5,90,0,1,2,2.0432595345,26,How to express doubt?, Use scissors.,5
2118,5,R,,,,,1.80916534623,,,,,27,1,,5,90,0,1,2,1.02631228566,9,How to participate in class?, Raise a hand.,4
2118,6,R,,,,,1.3003143199,,,,,39,1,,5,90,0,1,2,1.6171028977,45,How to mix a cocktail?, Stir ingredients.,4
2118,7,R,,,,,3.28468977155,,,,,31,1,,5,90,0,1,2,1.98139095299,39,Why lift weights?, Build muscles.,2
2118,8,L,,,,,2.57895105875,,,,,22,1,,5,90,0,1,2,2.47603985014,46,Why write a poem?, Express an idea.,2
2118,9,L,,,,,1.69465028073,,,,,28,1,,5,90,0,1,2,2.60025894188,55,Why use chalk?, Get fit.,1
2118,10,L,,,,,2.67143983811,,,,,29,1,,5,90,0,1,2,2.26974832734,49,Why raise a hand?, Participate in class.,1
2118,11,L,,,,,1.90472254444,,,,,24,1,,5,90,0,1,2,1.98880363595,47,Why give to charity?, Support a cause.,3
2118,12,L,,,,,1.08333459431,,,,,30,1,,5,90,0,1,2,1.22157236359,8,Why attend a school?, Get a degree.,3
2118,13,R,,,,,1.68018028205,,,,,34,1,,5,90,0,1,2,1.90022590827,11,How to show cleanliness?, Write an email.,6
2118,14,R,,,,,1.09305702093,,,,,25,1,,5,90,0,1,2,1.33856759133,0,How to spread joy?, Get a job.,6
2118,15,L,,,,,3.67612810053,,,,,32,1,,5,90,0,1,2,1.11044208169,10,How to attend a school?, Enter a classroom.,5
2118,16,R,,,,,1.21312113534,,,,,40,1,,5,90,0,1,2,1.774071679,1,How to avoid diseases?, Kill germs.,5
2118,17,R,,,,,1.20754073308,,,,,21,1,,5,90,0,1,2,1.04685452654,12,Why get a promotion?, Achieve success.,3
2118,18,R,,,,,2.57068151406,,,,,37,1,,5,90,0,1,2,1.53550883885,3,Why show appreciation?, Spread joy.,3
2118,19,L,,,,,1.30969446042,,,,,38,1,,5,90,0,1,2,1.01163483093,31,How to write a song?, Play piano.,4
2118,20,R,,,,,3.6669456577,,,,,23,1,,5,90,0,1,2,5.6747935424,44,How to open a browser?, Click a mouse.,4
2118,21,R,,,,,1.59376638956,,,,,26,1,,5,90,0,1,2,3.05718931821,57,Why lift a glass?, Drink wine.,1
2118,22,L,,,,,1.04484538201,,,,,34,1,,5,90,0,1,2,2.583207147,38,Why stir ingredients?, Mix a cocktail.,1
2118,23,L,,,,,3.92070523855,,,,,36,1,,5,90,0,1,2,2.76764001939,54,Why write a song?, Seek advice.,2
2118,24,L,,,,,1.44970114771,,,,,37,1,,5,90,0,1,2,1.19532480029,58,Why open a browser?, Write an email.,2
2118,25,R,,,,,1.10562356531,,,,,33,1,,5,90,0,1,2,2.21826242874,59,How to show an ability?, Satisfy hunger.,6
2118,26,R,,,,,2.63545686694,,,,,27,1,,5,90,0,1,2,3.70359463476,18,How to avoid boredom?, Entertain oneself.,6
2118,27,L,,,,,2.77939425604,,,,,31,1,,5,90,0,1,2,1.64264248798,28,Why consume medicine?, Reduce pain.,2
2118,28,L,,,,,1.77175413641,,,,,24,1,,5,90,0,1,2,1.20426289124,4,Why participate in class?, Show intelligence.,2
2118,29,R,,,,,1.51926084311,,,,,29,1,,5,90,0,1,2,2.90379677478,56,Why use a brush?, Paint a picture.,1
2118,30,L,,,,,2.49737137852,,,,,39,1,,5,90,0,1,2,1.37339479977,20,Why point a camera?, Take a picture.,1
2118,31,R,,,,,2.48088284433,,,,,20,1,,5,90,0,1,2,1.27521493768,27,How to entertain others?, Write a song.,5
2118,32,L,,,,,1.15045869228,,,,,40,1,,5,90,0,1,2,1.59606733438,41,How to make a donation?, Mix a cocktail.,5
2118,33,L,,,,,1.36683983653,,,,,23,1,,5,90,0,1,2,2.49929650582,37,Why make a purchase?, Satisfy a need.,3
2118,34,R,,,,,1.82028229865,,,,,21,1,,5,90,0,1,2,2.93695245468,7,Why reduce pain?, Feel well.,3
2118,35,R,,,,,2.20118012638,,,,,25,1,,5,90,0,1,2,2.19142965713,14,How to write a check?, Sign ones name.,4
2118,36,L,,,,,4.12558487841,,,,,28,1,,5,90,0,1,2,1.56266224862,34,How to make breakfast?, Crack eggs.,4
2118,37,R,,,,,2.25444929753,,,,,22,1,,5,90,0,1,2,1.01552914824,21,How to achieve success?, Get a promotion.,6
2118,38,L,,,,,1.16936096434,,,,,38,1,,5,90,0,1,2,2.7341264719,5,How to impress others?, Show intelligence.,6
2118,39,L,,,,,1.24181768914,,,,,32,1,,5,90,0,1,2,1.26517546535,35,How to give to charity?, Use a camera.,5
2118,40,L,,,,,1.24532606859,,,,,35,1,,5,90,0,1,2,1.1420427731,51,How to teach others?, Give a lecture.,5
2118,41,R,,,,,3.18574469498,,,,,27,1,,5,90,0,1,2,1.45329281884,25,Why enter a classroom?, Attend a school.,2
2118,42,R,,,,,2.63242117123,,,,,39,1,,5,90,0,1,2,2.901601218,22,Why teach a class?, Obey laws.,2
2118,43,R,,,,,3.38576165846,,,,,24,1,,5,90,0,1,2,2.56316693927,13,Why build muscles?, Show humility.,3
2118,44,R,,,,,1.94981195323,,,,,33,1,,5,90,0,1,2,2.391921742,19,Why finish a job?, Feel productive.,3
2118,45,L,,,,,2.16486545995,,,,,36,1,,5,90,0,1,2,1.09431592998,24,How to read articles?, Open a magazine.,4
2118,46,R,,,,,2.11910965978,,,,,31,1,,5,90,0,1,2,1.33204394288,15,How to write a poem?, Grab a pencil.,4
2118,47,L,,,,,1.27710952799,,,,,21,1,,5,90,0,1,2,1.24986034277,2,Why sign ones name?, Write a check.,1
2118,48,L,,,,,1.01422996151,,,,,26,1,,5,90,0,1,2,4.16473918292,33,Why wear ties?, Dress formally.,1
2118,49,L,,,,,2.20551254041,,,,,34,1,,5,90,0,1,2,1.29376477136,32,How to watch television?, Use a remote.,4
2118,50,L,,,,,1.27607172298,,,,,37,1,,5,90,0,1,2,1.08000210789,52,How to drink wine?, Open a bottle. ,4
2118,51,L,,,,,2.74205609838,,,,,22,1,,5,90,0,1,2,1.70079060302,16,Why make breakfast?, Satisfy hunger.,2
2118,52,R,,,,,1.82349995535,,,,,20,1,,5,90,0,1,2,1.16324380222,23,Why consume caffeine?, Stay alert.,2
2118,53,R,,,,,2.92011589963,,,,,28,1,,5,90,0,1,2,2.49052844231,48,Why show courtesy?, Make a friend.,3
2118,54,R,,,,,1.30040675205,,,,,40,1,,5,90,0,1,2,3.11710406752,36,Why hold a party?, Feel sociable.,3
2118,55,L,,,,,2.29509867671,,,,,32,1,,5,90,0,1,2,1.87875262758,42,How to show ambition?, Serve alcohol.,5
2118,56,L,,,,,2.05195802369,,,,,38,1,,5,90,0,1,2,3.78521434524,17,How to reduce pain?, Consume medicine.,5
2118,57,R,,,,,1.74418181077,,,,,30,1,,5,90,0,1,2,2.55427593428,43,How to spread knowledge?, Teach others.,6
2118,58,R,,,,,1.48215397785,,,,,29,1,,5,90,0,1,2,1.17011871974,30,How to show creativity?, Make art.,6
2118,59,L,,,,,3.19616390935,,,,,35,1,,5,90,0,1,2,1.63916129002,29,Why click a mouse?, Open a browser.,1
2118,60,R,,,,,1.00997604497,,,,,23,1,,5,90,0,1,2,1.62943239419,50,Why wash ones hands?, Kill germs.,1
