Subject,Trial,SSonLorR,RT,startingK,endingK,TrialStart,ITI,choiceUp,choiceMade,TrialOver,SSamount,LLamount,Condition,Choice,SSdelay,LLdelay,salienceCondition,day,runid,TaskInterval,RewardTrialRanked,Construal_QuestionText,Construal_AnswerText,Construal_Condition
2058,1,R,,,,,1.34079591636,,,,25,30,1,,4,,1,2,3,0.900823156208,1,,,
2058,2,L,,,,,4.03909440296,,,,25,30,1,,8,,1,2,3,0.513737197226,2,,,
2058,3,L,,,,,0.611397799712,,,,25,30,1,,7,,1,2,3,0.746646601009,3,,,
2058,4,R,,,,,1.27065227551,,,,25,30,1,,1,,1,2,3,0.851893986319,0,,,
