Subject,Trial,SSonLorR,RT,startingK,endingK,TrialStart,ITI,choiceUp,choiceMade,TrialOver,SSamount,LLamount,Condition,Choice,SSdelay,LLdelay,salienceCondition,day,runid,TaskInterval,RewardTrialRanked,Construal_QuestionText,Construal_AnswerText,Construal_Condition
2168,1,R,,,,,2.44922150366,,,,25,30,1,,5,,1,3,3,0.923817679262,2,,,
2168,2,R,,,,,0.782118642213,,,,25,30,1,,9,,1,3,3,0.618119625729,0,,,
2168,3,L,,,,,1.14678920037,,,,25,30,1,,4,,1,3,3,1.19934529672,3,,,
2168,4,L,,,,,2.88223480118,,,,25,30,1,,3,,1,3,3,2.00695072165,1,,,
