Subject,Trial,SSonLorR,RT,startingK,endingK,TrialStart,ITI,choiceUp,choiceMade,TrialOver,SSamount,LLamount,Condition,Choice,SSdelay,LLdelay,salienceCondition,day,runid,TaskInterval,RewardTrialRanked,Construal_QuestionText,Construal_AnswerText,Construal_Condition
2084,1,L,,,,,2.02738498749,,,,,28,1,,5,90,0,2,4,0.668369324823,0,,,
2084,2,R,,,,,2.05175190947,,,,,21,1,,5,90,0,2,4,0.624691912846,1,,,
2084,3,L,,,,,0.889190412928,,,,,39,1,,5,90,0,2,4,0.84787202179,2,,,
2084,4,R,,,,,3.58356094851,,,,,37,1,,5,90,0,2,4,0.903697123701,3,,,
