Subject,Trial,SSonLorR,RT,startingK,endingK,TrialStart,ITI,choiceUp,choiceMade,TrialOver,SSamount,LLamount,Condition,Choice,SSdelay,LLdelay,salienceCondition,day,runid,TaskInterval,RewardTrialRanked,Construal_QuestionText,Construal_AnswerText,Construal_Condition
2022,1,R,,,,,4.21620744174,,,,25,30,1,,3,,1,2,3,0.883603647188,3,,,
2022,2,L,,,,,1.13996101336,,,,25,30,1,,1,,1,2,3,2.45458789242,2,,,
2022,3,L,,,,,0.680849547512,,,,25,30,1,,9,,1,2,3,0.574826846115,1,,,
2022,4,R,,,,,1.32548737221,,,,25,30,1,,6,,1,2,3,1.03637312162,0,,,
