Subject,Trial,SSonLorR,RT,startingK,endingK,TrialStart,ITI,choiceUp,choiceMade,TrialOver,SSamount,LLamount,Condition,Choice,SSdelay,LLdelay,salienceCondition,day,runid,TaskInterval,RewardTrialRanked,Construal_QuestionText,Construal_AnswerText,Construal_Condition
2160,1,R,,,,,1.2329927458,,,,,28,1,,5,90,0,2,2,1.67844138095,6,How to make art?, Paint a picture.,5
2160,2,L,,,,,4.19014476039,,,,,20,1,,5,90,0,2,2,1.95862288455,43,How to express doubt?, Use scissors.,5
2160,3,R,,,,,1.14606042465,,,,,38,1,,5,90,0,2,2,1.11088867385,44,Why give applause?, Show appreciation.,2
2160,4,R,,,,,1.83302195577,,,,,23,1,,5,90,0,2,2,1.17928595719,46,Why participate in class?, Show intelligence.,2
2160,5,R,,,,,1.44773535063,,,,,32,1,,5,90,0,2,2,1.61958189771,13,Why click a mouse?, Open a browser.,1
2160,6,L,,,,,2.60542214099,,,,,36,1,,5,90,0,2,2,2.4681032746,23,Why turn a doorknob?, Enter a classroom.,1
2160,7,R,,,,,1.37848668958,,,,,31,1,,5,90,0,2,2,2.23996497777,11,Why entertain others?, Express a talent.,3
2160,8,R,,,,,2.68889126473,,,,,34,1,,5,90,0,2,2,1.87033651327,5,Why satisfy hunger?, Show an ability.,3
2160,9,L,,,,,1.05564716171,,,,,39,1,,5,90,0,2,2,1.26041339864,37,How to give applause?, Clap hands.,4
2160,10,L,,,,,1.13391750807,,,,,35,1,,5,90,0,2,2,1.50193632844,33,How to participate in class?, Raise a hand.,4
2160,11,L,,,,,1.70196298294,,,,,30,1,,5,90,0,2,2,1.94503742489,35,How to reduce worry?, Plan ahead.,6
2160,12,L,,,,,2.26415282569,,,,,25,1,,5,90,0,2,2,1.3649272341,25,How to impress others?, Show intelligence.,6
2160,13,R,,,,,1.13251465145,,,,,26,1,,5,90,0,2,2,3.28770700148,22,How to clip coupons?, Cut paper.,4
2160,14,L,,,,,1.24429501608,,,,,29,1,,5,90,0,2,2,2.49570374217,56,How to read articles?, Open a magazine.,4
2160,15,L,,,,,3.04996031321,,,,,33,1,,5,90,0,2,2,2.91843524288,39,Why use chalk?, Get fit.,1
2160,16,L,,,,,1.35465863391,,,,,21,1,,5,90,0,2,2,1.62252349045,42,Why sign ones name?, Write a check.,1
2160,17,R,,,,,3.50229883957,,,,,22,1,,5,90,0,2,2,1.11536078813,36,Why finish a job?, Feel productive.,3
2160,18,R,,,,,2.82018426571,,,,,24,1,,5,90,0,2,2,3.85849995359,18,Why contact a friend?, Feel connected.,3
2160,19,R,,,,,2.50871228006,,,,,40,1,,5,90,0,2,2,1.79332081368,15,Why watch television?, Show competence.,2
2160,20,L,,,,,1.89901479355,,,,,27,1,,5,90,0,2,2,2.42629840994,45,Why give a lecture?, Teach others.,2
2160,21,L,,,,,4.23687307597,,,,,32,1,,5,90,0,2,2,1.73965774514,32,How to entertain others?, Write a song.,5
2160,22,R,,,,,1.27524515906,,,,,23,1,,5,90,0,2,2,1.12453473826,7,How to satisfy hunger?, Make breakfast.,5
2160,23,L,,,,,1.4570974166,,,,,36,1,,5,90,0,2,2,3.22692522694,38,How to support a cause?, Give to charity.,6
2160,24,R,,,,,1.11851417008,,,,,26,1,,5,90,0,2,2,2.82572045751,47,How to feel well?, Reduce pain.,6
2160,25,R,,,,,1.12516774983,,,,,37,1,,5,90,0,2,2,2.21999910893,58,Why reduce pain?, Feel well.,3
2160,26,L,,,,,1.06830909018,,,,,20,1,,5,90,0,2,2,1.41736875452,21,Why save money?, Get fit.,3
2160,27,R,,,,,1.11580959163,,,,,29,1,,5,90,0,2,2,1.2630789696,24,How to feel connected?, Contact a friend.,6
2160,28,R,,,,,1.47947722087,,,,,28,1,,5,90,0,2,2,1.28587774514,48,How to avoid boredom?, Entertain oneself.,6
2160,29,L,,,,,3.0231947443,,,,,39,1,,5,90,0,2,2,2.36337937737,41,How to make a list?, Throw away trash.,4
2160,30,L,,,,,4.1802833127,,,,,22,1,,5,90,0,2,2,2.58727536642,30,How to prepare meals?, Follow recipes.,4
2160,31,L,,,,,2.60373004452,,,,,40,1,,5,90,0,2,2,1.08875582246,12,How to show appreciation?, Give applause.,5
2160,32,L,,,,,1.96430375958,,,,,27,1,,5,90,0,2,2,1.09491641726,40,How to show ambition?, Serve alcohol.,5
2160,33,R,,,,,1.94064636363,,,,,30,1,,5,90,0,2,2,2.39256401069,59,Why kill germs?, Avoid diseases.,2
2160,34,R,,,,,1.32979735322,,,,,24,1,,5,90,0,2,2,1.91962413625,2,Why read articles?, Gain knowledge.,2
2160,35,L,,,,,1.91722716489,,,,,34,1,,5,90,0,2,2,1.11145291761,16,Why dial numbers?, Make a phone call.,1
2160,36,R,,,,,1.77000445458,,,,,21,1,,5,90,0,2,2,4.86443857033,54,Why drink coffee?, Consume caffeine.,1
2160,37,R,,,,,1.33556932613,,,,,38,1,,5,90,0,2,2,1.84217244491,0,Why paint a picture?, Make art.,2
2160,38,L,,,,,1.05713350503,,,,,25,1,,5,90,0,2,2,1.3864382698,14,Why teach a class?, Obey laws.,2
2160,39,R,,,,,2.70400764598,,,,,33,1,,5,90,0,2,2,1.07198668233,57,How to avoid diseases?, Kill germs.,5
2160,40,L,,,,,1.77404647928,,,,,35,1,,5,90,0,2,2,3.82989101578,19,How to gain knowledge?, Read articles.,5
2160,41,L,,,,,3.29642123006,,,,,39,1,,5,90,0,2,2,2.02038538213,34,How to paint a picture?, Use a brush.,4
2160,42,R,,,,,1.74730789464,,,,,37,1,,5,90,0,2,2,1.87923481895,3,How to mix a cocktail?, Stir ingredients.,4
2160,43,R,,,,,1.13358792025,,,,,23,1,,5,90,0,2,2,1.31452705814,51,How to avoid mistakes?, Obey laws.,6
2160,44,R,,,,,3.27750760182,,,,,26,1,,5,90,0,2,2,2.45648428774,1,How to feel nostalgia?, Keep a memory.,6
2160,45,R,,,,,1.05457952887,,,,,20,1,,5,90,0,2,2,3.16930965851,55,Why show appreciation?, Spread joy.,3
2160,46,L,,,,,3.33611311687,,,,,24,1,,5,90,0,2,2,1.36079592371,17,Why attend a school?, Get a degree.,3
2160,47,L,,,,,1.39392682355,,,,,35,1,,5,90,0,2,2,1.15887540409,27,Why use credit cards?, Go shopping.,1
2160,48,L,,,,,2.14686489222,,,,,29,1,,5,90,0,2,2,2.14394624969,8,Why lift a glass?, Drink wine.,1
2160,49,R,,,,,3.92975207538,,,,,30,1,,5,90,0,2,2,1.12308000882,20,Why make art?, Show creativity.,3
2160,50,L,,,,,1.47571786025,,,,,34,1,,5,90,0,2,2,1.16753627432,29,Why plan ahead?, Reduce worry.,3
2160,51,L,,,,,1.70082774493,,,,,28,1,,5,90,0,2,2,1.1938775591,10,How to attend a school?, Enter a classroom.,5
2160,52,R,,,,,1.9684597847,,,,,21,1,,5,90,0,2,2,1.26929679548,31,How to build muscles?, Lift weights.,5
2160,53,L,,,,,1.33170614776,,,,,22,1,,5,90,0,2,2,3.69186689172,53,How to get a degree?, Attend a school.,6
2160,54,R,,,,,1.21514091772,,,,,40,1,,5,90,0,2,2,3.88313049369,4,How to live a long life?, Avoid diseases.,6
2160,55,R,,,,,3.5927089036,,,,,25,1,,5,90,0,2,2,1.08174415525,49,Why drink wine?, Consume alcohol.,2
2160,56,L,,,,,4.09912986384,,,,,31,1,,5,90,0,2,2,1.69307060723,26,Why open a browser?, Write an email.,2
2160,57,L,,,,,1.00689056359,,,,,38,1,,5,90,0,2,2,1.03279448438,50,Why follow recipes?, Prepare meals.,1
2160,58,R,,,,,1.23367926141,,,,,33,1,,5,90,0,2,2,3.39093850912,9,Why point a camera?, Take a picture.,1
2160,59,R,,,,,1.51649306001,,,,,36,1,,5,90,0,2,2,3.77496969903,52,How to go shopping?, Use credit cards.,4
2160,60,L,,,,,1.72608483706,,,,,32,1,,5,90,0,2,2,1.41540722278,28,How to watch television?, Use a remote.,4
