Subject,Trial,SSonLorR,RT,startingK,endingK,TrialStart,ITI,choiceUp,choiceMade,TrialOver,SSamount,LLamount,Condition,Choice,SSdelay,LLdelay,salienceCondition,day,runid,TaskInterval,RewardTrialRanked,Construal_QuestionText,Construal_AnswerText,Construal_Condition
2044,1,R,,,,,1.54790966177,,,,25,30,1,,9,,1,3,3,0.901487799306,3,,,
2044,2,R,,,,,2.45020131034,,,,25,30,1,,6,,1,3,3,1.77217669671,0,,,
2044,3,L,,,,,1.85651947858,,,,25,30,1,,1,,1,3,3,0.500581555781,1,,,
2044,4,L,,,,,2.04174032384,,,,25,30,1,,7,,1,3,3,0.74379371307,2,,,
