Subject,Trial,SSonLorR,RT,startingK,endingK,TrialStart,ITI,choiceUp,choiceMade,TrialOver,SSamount,LLamount,Condition,Choice,SSdelay,LLdelay,salienceCondition,day,runid,TaskInterval,RewardTrialRanked,Construal_QuestionText,Construal_AnswerText,Construal_Condition
2168,1,R,,,,,2.0194881338,,,,,28,1,,5,90,0,3,4,0.598354253787,3,,,
2168,2,L,,,,,1.09590233706,,,,,27,1,,5,90,0,3,4,0.845836028987,1,,,
2168,3,R,,,,,4.05604450849,,,,,31,1,,5,90,0,3,4,0.681547086211,0,,,
2168,4,L,,,,,1.54577125275,,,,,37,1,,5,90,0,3,4,0.87873953059,2,,,
