Subject,Trial,SSonLorR,RT,startingK,endingK,TrialStart,ITI,choiceUp,choiceMade,TrialOver,SSamount,LLamount,Condition,Choice,SSdelay,LLdelay,salienceCondition,day,runid,TaskInterval,RewardTrialRanked,Construal_QuestionText,Construal_AnswerText,Construal_Condition
2079,1,R,,,,,1.39691080236,,,,,30,1,,5,90,0,3,3,1.64462270608,3,,,
2079,2,L,,,,,2.94369756872,,,,,25,1,,5,90,0,3,3,0.639113509041,0,,,
2079,3,L,,,,,1.87407922289,,,,,27,1,,5,90,0,3,3,0.637244198392,2,,,
2079,4,R,,,,,1.08618458251,,,,,33,1,,5,90,0,3,3,0.776712886012,1,,,
