Subject,Trial,SSonLorR,RT,startingK,endingK,TrialStart,ITI,choiceUp,choiceMade,TrialOver,SSamount,LLamount,Condition,Choice,SSdelay,LLdelay,salienceCondition,day,runid,TaskInterval,RewardTrialRanked,Construal_QuestionText,Construal_AnswerText,Construal_Condition
2084,1,L,,,,,2.36230566336,,,,,35,1,,5,90,0,1,2,1.77653757916,38,How to reduce pain?, Consume medicine.,5
2084,2,R,,,,,4.17927086486,,,,,33,1,,5,90,0,1,2,1.30178656136,24,How to make art?, Paint a picture.,5
2084,3,L,,,,,2.94935874892,,,,,29,1,,5,90,0,1,2,1.37624989636,32,Why stir ingredients?, Mix a cocktail.,1
2084,4,R,,,,,1.04948808633,,,,,23,1,,5,90,0,1,2,2.52250832957,39,Why dial numbers?, Make a phone call.,1
2084,5,L,,,,,1.27549534623,,,,,37,1,,5,90,0,1,2,2.35478359172,53,Why write a poem?, Express an idea.,2
2084,6,L,,,,,2.18524819099,,,,,31,1,,5,90,0,1,2,1.42525161324,58,Why dress formally?, Get a promotion.,2
2084,7,R,,,,,2.69382686331,,,,,21,1,,5,90,0,1,2,3.81692011283,2,How to take a picture?, Point a camera.,4
2084,8,L,,,,,1.38482554284,,,,,25,1,,5,90,0,1,2,1.40303551851,23,How to participate in class?, Raise a hand.,4
2084,9,L,,,,,2.05067437499,,,,,27,1,,5,90,0,1,2,1.69045924371,25,How to achieve success?, Get a promotion.,6
2084,10,L,,,,,1.33700494716,,,,,28,1,,5,90,0,1,2,1.42307132002,45,How to avoid mistakes?, Obey laws.,6
2084,11,R,,,,,1.38153204835,,,,,22,1,,5,90,0,1,2,3.77510795265,56,Why finish a job?, Feel productive.,3
2084,12,L,,,,,1.05067920135,,,,,34,1,,5,90,0,1,2,1.61466386574,47,Why entertain others?, Express a talent.,3
2084,13,R,,,,,2.11437161239,,,,,39,1,,5,90,0,1,2,1.00313021779,40,Why use a brush?, Paint a picture.,1
2084,14,L,,,,,2.71334225978,,,,,38,1,,5,90,0,1,2,2.22637387879,28,Why use chalk?, Get fit.,1
2084,15,R,,,,,1.21556751824,,,,,30,1,,5,90,0,1,2,1.36878096721,18,How to read articles?, Open a magazine.,4
2084,16,R,,,,,2.24850095992,,,,,36,1,,5,90,0,1,2,2.14019208801,46,How to kill germs?, Wash ones hands.,4
2084,17,L,,,,,1.28581722934,,,,,20,1,,5,90,0,1,2,1.19943292185,43,How to feel productive?, Finish a job.,6
2084,18,L,,,,,2.63941857858,,,,,26,1,,5,90,0,1,2,2.3068186956,41,How to improve oneself?, Gain knowledge.,6
2084,19,L,,,,,1.32465625898,,,,,24,1,,5,90,0,1,2,1.02777164179,4,How to write an email?, Open a browser.,5
2084,20,R,,,,,2.58186351181,,,,,32,1,,5,90,0,1,2,1.90790928816,11,How to show intelligence?, Participate in class.,5
2084,21,R,,,,,2.39507123935,,,,,25,1,,5,90,0,1,2,3.08763277541,48,Why hold a party?, Feel sociable.,3
2084,22,R,,,,,1.79661791609,,,,,33,1,,5,90,0,1,2,1.83418346151,13,Why provide food?, Help a person.,3
2084,23,R,,,,,2.48934279749,,,,,39,1,,5,90,0,1,2,2.43126973475,52,Why watch television?, Show competence.,2
2084,24,R,,,,,1.21384842788,,,,,34,1,,5,90,0,1,2,1.99619425686,54,Why teach a class?, Obey laws.,2
2084,25,L,,,,,1.11513277047,,,,,23,1,,5,90,0,1,2,1.41455389384,1,How to watch television?, Use a remote.,4
2084,26,R,,,,,1.6661141299,,,,,29,1,,5,90,0,1,2,1.55576459627,14,How to write a song?, Play piano.,4
2084,27,L,,,,,1.17689171614,,,,,22,1,,5,90,0,1,2,1.39027901806,16,How to feel nostalgia?, Keep a memory.,6
2084,28,R,,,,,1.04524445974,,,,,35,1,,5,90,0,1,2,4.86626241046,21,How to spread joy?, Get a job.,6
2084,29,L,,,,,3.33235198996,,,,,27,1,,5,90,0,1,2,2.14372573737,33,Why satisfy hunger?, Show an ability.,3
2084,30,R,,,,,4.17343256936,,,,,36,1,,5,90,0,1,2,1.35545687272,59,Why plan ahead?, Reduce worry.,3
2084,31,R,,,,,1.11436138481,,,,,31,1,,5,90,0,1,2,2.94183234826,5,Why lift weights?, Build muscles.,2
2084,32,L,,,,,1.57493395702,,,,,40,1,,5,90,0,1,2,1.66120708795,37,Why make breakfast?, Satisfy hunger.,2
2084,33,R,,,,,2.59315027452,,,,,28,1,,5,90,0,1,2,1.52458987191,0,Why use a remote?, Watch television.,1
2084,34,R,,,,,1.79040419381,,,,,38,1,,5,90,0,1,2,1.02760852851,9,Why raise a hand?, Participate in class.,1
2084,35,L,,,,,1.66400366791,,,,,24,1,,5,90,0,1,2,3.74104042297,12,How to express doubt?, Use scissors.,5
2084,36,L,,,,,3.82279267074,,,,,32,1,,5,90,0,1,2,1.2960057882,17,How to provide food?, Prepare meals.,5
2084,37,R,,,,,3.89979882368,,,,,20,1,,5,90,0,1,2,3.85104652954,6,Why consume caffeine?, Stay alert.,2
2084,38,R,,,,,2.32774354384,,,,,37,1,,5,90,0,1,2,1.61713770306,50,Why use a camera?, Give to charity.,2
2084,39,L,,,,,1.30650281661,,,,,30,1,,5,90,0,1,2,1.82139508185,49,How to feel well?, Reduce pain.,6
2084,40,R,,,,,1.54916616892,,,,,26,1,,5,90,0,1,2,2.16977788981,26,How to impress others?, Show intelligence.,6
2084,41,L,,,,,1.01404347609,,,,,25,1,,5,90,0,1,2,1.72061671785,15,How to write a poem?, Grab a pencil.,4
2084,42,L,,,,,1.6253300976,,,,,20,1,,5,90,0,1,2,1.71242118829,7,How to make breakfast?, Crack eggs.,4
2084,43,L,,,,,2.00249879422,,,,,24,1,,5,90,0,1,2,3.28384095744,51,Why throw away trash?, Make a list.,1
2084,44,R,,,,,1.65030706513,,,,,26,1,,5,90,0,1,2,2.09763664866,35,Why open a magazine?, Read articles.,1
2084,45,R,,,,,1.82298945147,,,,,30,1,,5,90,0,1,2,1.23969626243,22,Why show appreciation?, Spread joy.,3
2084,46,L,,,,,2.33402364528,,,,,35,1,,5,90,0,1,2,1.71358941317,31,Why contact a friend?, Feel connected.,3
2084,47,R,,,,,1.32444166691,,,,,23,1,,5,90,0,1,2,1.47176135188,8,How to give to charity?, Use a camera.,5
2084,48,L,,,,,1.95148499453,,,,,33,1,,5,90,0,1,2,1.26865689094,42,How to save money?, Clip coupons.,5
2084,49,L,,,,,1.4679794551,,,,,37,1,,5,90,0,1,2,1.39176166,55,Why cut paper?, Clip coupons.,1
2084,50,R,,,,,2.31376666361,,,,,21,1,,5,90,0,1,2,3.19020898797,36,Why open a bottle?, Consume medicine.,1
2084,51,L,,,,,1.49666707312,,,,,39,1,,5,90,0,1,2,1.10198073254,10,Why kill germs?, Avoid diseases.,2
2084,52,L,,,,,2.29248440231,,,,,40,1,,5,90,0,1,2,1.0914890792,29,Why open a browser?, Write an email.,2
2084,53,R,,,,,3.41462344595,,,,,34,1,,5,90,0,1,2,2.59702106561,57,How to consume alcohol?, Drink wine.,5
2084,54,R,,,,,1.64060765556,,,,,31,1,,5,90,0,1,2,1.97713283642,19,How to teach others?, Give a lecture.,5
2084,55,R,,,,,2.90812397524,,,,,36,1,,5,90,0,1,2,2.9549970138,30,How to mix a cocktail?, Stir ingredients.,4
2084,56,L,,,,,2.34659016799,,,,,32,1,,5,90,0,1,2,1.60802210824,34,How to lift weights?, Fasten seatbelt.,4
2084,57,R,,,,,1.24344815703,,,,,38,1,,5,90,0,1,2,3.04303748808,20,Why make art?, Show creativity.,3
2084,58,L,,,,,1.6923051181,,,,,28,1,,5,90,0,1,2,1.26580826486,27,Why save money?, Get fit.,3
2084,59,R,,,,,2.07785972045,,,,,29,1,,5,90,0,1,2,1.7025546129,44,How to spread knowledge?, Teach others.,6
2084,60,L,,,,,1.98335849552,,,,,22,1,,5,90,0,1,2,1.37169339063,3,How to show intellect?, Share ideas.,6
