Subject,Trial,SSonLorR,RT,startingK,endingK,TrialStart,ITI,choiceUp,choiceMade,TrialOver,SSamount,LLamount,Condition,Choice,SSdelay,LLdelay,salienceCondition,day,runid,TaskInterval,RewardTrialRanked,Construal_QuestionText,Construal_AnswerText,Construal_Condition
2162,1,R,,,,,1.23378523827,,,,,37,1,,5,90,0,2,4,1.60622410942,0,,,
2162,2,L,,,,,2.19093605559,,,,,34,1,,5,90,0,2,4,0.540458123309,2,,,
2162,3,L,,,,,0.893559338171,,,,,20,1,,5,90,0,2,4,0.623392721877,3,,,
2162,4,R,,,,,3.82165834811,,,,,29,1,,5,90,0,2,4,1.02266378351,1,,,
