Subject,Trial,SSonLorR,RT,startingK,endingK,TrialStart,ITI,choiceUp,choiceMade,TrialOver,SSamount,LLamount,Condition,Choice,SSdelay,LLdelay,salienceCondition,day,runid,TaskInterval,RewardTrialRanked,Construal_QuestionText,Construal_AnswerText,Construal_Condition
2084,1,L,,,,,0.685533158001,,,,25,30,1,,6,,1,2,3,0.502266941216,3,,,
2084,2,R,,,,,2.41488668466,,,,25,30,1,,3,,1,2,3,0.51935047174,1,,,
2084,3,R,,,,,0.81628166546,,,,25,30,1,,4,,1,2,3,1.25749911009,0,,,
2084,4,L,,,,,4.6249805344,,,,25,30,1,,9,,1,2,3,1.08799817423,2,,,
