Subject,Trial,SSonLorR,RT,startingK,endingK,TrialStart,ITI,choiceUp,choiceMade,TrialOver,SSamount,LLamount,Condition,Choice,SSdelay,LLdelay,salienceCondition,day,runid,TaskInterval,RewardTrialRanked,Construal_QuestionText,Construal_AnswerText,Construal_Condition
2006,1,R,,,,,1.26352451146,,,,,20,1,,5,90,0,2,4,0.523832207518,3,,,
2006,2,L,,,,,2.73769849017,,,,,34,1,,5,90,0,2,4,1.25451551891,1,,,
2006,3,L,,,,,1.82726638294,,,,,26,1,,5,90,0,2,4,0.501966917685,2,,,
2006,4,R,,,,,2.34371515811,,,,,38,1,,5,90,0,2,4,0.740641271329,0,,,
