Subject,Trial,SSonLorR,RT,startingK,endingK,TrialStart,ITI,choiceUp,choiceMade,TrialOver,SSamount,LLamount,Condition,Choice,SSdelay,LLdelay,salienceCondition,day,runid,TaskInterval,RewardTrialRanked,Construal_QuestionText,Construal_AnswerText,Construal_Condition
2009,1,L,,,,,1.82640383886,,,,,30,1,,5,90,0,2,3,0.95086359903,3,,,
2009,2,R,,,,,1.49945765322,,,,,36,1,,5,90,0,2,3,0.5463561827,0,,,
2009,3,L,,,,,1.44262385551,,,,,33,1,,5,90,0,2,3,0.579844443841,1,,,
2009,4,R,,,,,2.93208316358,,,,,25,1,,5,90,0,2,3,1.56025390257,2,,,
