Subject,Trial,SSonLorR,RT,startingK,endingK,TrialStart,ITI,choiceUp,choiceMade,TrialOver,SSamount,LLamount,Condition,Choice,SSdelay,LLdelay,salienceCondition,day,runid,TaskInterval,RewardTrialRanked,Construal_QuestionText,Construal_AnswerText,Construal_Condition
2015,1,L,,,,,1.78967413521,,,,25,30,1,,9,,1,3,4,1.28708820897,0,,,
2015,2,L,,,,,0.884219670394,,,,25,30,1,,4,,1,3,4,1.71881911689,1,,,
2015,3,R,,,,,3.47753190697,,,,25,30,1,,2,,1,3,4,0.505396344434,3,,,
2015,4,R,,,,,2.37042633479,,,,25,30,1,,8,,1,3,4,0.691109352989,2,,,
