Subject,Trial,SSonLorR,RT,startingK,endingK,TrialStart,ITI,choiceUp,choiceMade,TrialOver,SSamount,LLamount,Condition,Choice,SSdelay,LLdelay,salienceCondition,day,runid,TaskInterval,RewardTrialRanked,Construal_QuestionText,Construal_AnswerText,Construal_Condition
2034,1,R,,,,,1.33654353322,,,,,39,1,,5,90,0,3,2,1.13384062518,55,Why keep a memory?, Feel nostalgia.,3
2034,2,R,,,,,3.40896768218,,,,,22,1,,5,90,0,3,2,2.04543702761,6,Why entertain others?, Express a talent.,3
2034,3,L,,,,,1.03680294527,,,,,32,1,,5,90,0,3,2,1.27381731418,56,Why take aspirin?, Serve alcohol.,1
2034,4,L,,,,,3.57293571166,,,,,25,1,,5,90,0,3,2,1.29024647004,21,Why wear ties?, Dress formally.,1
2034,5,R,,,,,1.0413669074,,,,,23,1,,5,90,0,3,2,1.25164176234,33,How to open a browser?, Click a mouse.,4
2034,6,L,,,,,1.12945530587,,,,,37,1,,5,90,0,3,2,2.99481133361,16,How to clip coupons?, Cut paper.,4
2034,7,L,,,,,2.20101699032,,,,,38,1,,5,90,0,3,2,2.09677469229,45,How to show humility?, Build muscles.,6
2034,8,R,,,,,3.13184748561,,,,,29,1,,5,90,0,3,2,1.09674969718,41,How to feel nostalgia?, Keep a memory.,6
2034,9,R,,,,,2.26848230165,,,,,36,1,,5,90,0,3,2,1.557333271,19,Why drink wine?, Consume alcohol.,2
2034,10,L,,,,,1.05632993635,,,,,27,1,,5,90,0,3,2,3.11613566011,17,Why use a camera?, Give to charity.,2
2034,11,L,,,,,1.87287879275,,,,,34,1,,5,90,0,3,2,3.87793141952,23,How to show appreciation?, Give applause.,5
2034,12,L,,,,,2.51861210643,,,,,33,1,,5,90,0,3,2,1.10915290883,32,How to satisfy hunger?, Make breakfast.,5
2034,13,L,,,,,3.55433560099,,,,,30,1,,5,90,0,3,2,3.69824123767,9,How to take a picture?, Point a camera.,4
2034,14,R,,,,,1.35252866638,,,,,35,1,,5,90,0,3,2,2.98349654242,28,How to write a poem?, Grab a pencil.,4
2034,15,R,,,,,1.26297390469,,,,,24,1,,5,90,0,3,2,1.46814303171,11,How to express a talent?, Entertain others.,6
2034,16,R,,,,,2.24606567928,,,,,26,1,,5,90,0,3,2,2.24938181581,43,How to live a long life?, Avoid diseases.,6
2034,17,L,,,,,1.82388243564,,,,,21,1,,5,90,0,3,2,3.12856469319,31,Why consume medicine?, Reduce pain.,2
2034,18,R,,,,,2.09535723012,,,,,40,1,,5,90,0,3,2,1.05276949352,8,Why participate in class?, Show intelligence.,2
2034,19,R,,,,,2.76107793763,,,,,28,1,,5,90,0,3,2,1.35967741973,26,Why throw away trash?, Make a list.,1
2034,20,L,,,,,1.70562068639,,,,,31,1,,5,90,0,3,2,2.49318699245,39,Why use a remote?, Watch television.,1
2034,21,R,,,,,1.23621531497,,,,,27,1,,5,90,0,3,2,1.86486733488,20,Why share ideas?, Show intellect.,3
2034,22,L,,,,,2.0778568325,,,,,37,1,,5,90,0,3,2,1.45262619816,25,Why build muscles?, Show humility.,3
2034,23,R,,,,,1.22784477798,,,,,33,1,,5,90,0,3,2,1.18983201992,42,How to plan ahead?, Make a list.,5
2034,24,L,,,,,1.14360103876,,,,,30,1,,5,90,0,3,2,2.07921547442,4,How to consume alcohol?, Drink wine.,5
2034,25,L,,,,,2.08816291899,,,,,36,1,,5,90,0,3,2,2.59077816879,57,How to prepare meals?, Follow recipes.,4
2034,26,R,,,,,1.45546796726,,,,,28,1,,5,90,0,3,2,2.658291679,12,How to write a song?, Play piano.,4
2034,27,L,,,,,1.26037846578,,,,,31,1,,5,90,0,3,2,1.50279794123,49,Why use credit cards?, Go shopping.,1
2034,28,L,,,,,3.20332649776,,,,,22,1,,5,90,0,3,2,2.40693706783,10,Why follow recipes?, Prepare meals.,1
2034,29,R,,,,,2.88813568911,,,,,38,1,,5,90,0,3,2,1.01617225595,15,How to feel sociable?, Hold a party.,6
2034,30,R,,,,,1.27616327087,,,,,20,1,,5,90,0,3,2,1.70250264864,14,How to reduce worry?, Plan ahead.,6
2034,31,L,,,,,1.18169824833,,,,,39,1,,5,90,0,3,2,1.66410949898,24,Why give to charity?, Support a cause.,3
2034,32,R,,,,,2.39055809906,,,,,25,1,,5,90,0,3,2,1.40918191959,7,Why show competence?, Pass the time.,3
2034,33,L,,,,,1.84890548458,,,,,32,1,,5,90,0,3,2,2.04528177378,1,Why open a browser?, Write an email.,2
2034,34,R,,,,,4.54471530927,,,,,35,1,,5,90,0,3,2,2.84235214346,48,Why enter a classroom?, Attend a school.,2
2034,35,R,,,,,1.52591616174,,,,,23,1,,5,90,0,3,2,3.69901005155,30,How to contact a friend?, Make a phone call.,5
2034,36,L,,,,,1.87249709418,,,,,24,1,,5,90,0,3,2,1.3420569534,5,How to reduce pain?, Consume medicine.,5
2034,37,R,,,,,1.25688828761,,,,,34,1,,5,90,0,3,2,3.13139030759,2,How to make a donation?, Mix a cocktail.,5
2034,38,R,,,,,1.41153817453,,,,,26,1,,5,90,0,3,2,1.49384667707,29,How to teach others?, Give a lecture.,5
2034,39,L,,,,,3.35898936433,,,,,29,1,,5,90,0,3,2,1.61623173597,44,Why give a lecture?, Teach others.,2
2034,40,R,,,,,1.09003341351,,,,,40,1,,5,90,0,3,2,1.8458457448,13,Why write a song?, Seek advice.,2
2034,41,L,,,,,1.00834339614,,,,,27,1,,5,90,0,3,2,1.71081656941,38,Why turn a doorknob?, Enter a classroom.,1
2034,42,L,,,,,3.14581270158,,,,,30,1,,5,90,0,3,2,1.1970187238,54,Why use chalk?, Get fit.,1
2034,43,R,,,,,1.11552502214,,,,,28,1,,5,90,0,3,2,3.12775223142,36,How to satisfy a need?, Make a purchase.,6
2034,44,L,,,,,1.99001302225,,,,,26,1,,5,90,0,3,2,3.21809811224,34,How to feel connected?, Contact a friend.,6
2034,45,R,,,,,2.18061430951,,,,,25,1,,5,90,0,3,2,1.5576214148,50,Why show appreciation?, Spread joy.,3
2034,46,R,,,,,1.87388356157,,,,,39,1,,5,90,0,3,2,1.69002460651,59,Why satisfy hunger?, Show an ability.,3
2034,47,L,,,,,1.85466971193,,,,,36,1,,5,90,0,3,2,2.29450287576,22,How to go shopping?, Use credit cards.,4
2034,48,L,,,,,2.79406535434,,,,,22,1,,5,90,0,3,2,1.03420821077,52,How to consume medicine?, Take pills. ,4
2034,49,L,,,,,1.05636237498,,,,,33,1,,5,90,0,3,2,1.34673452662,51,Why make art?, Show creativity.,3
2034,50,L,,,,,1.35204160938,,,,,24,1,,5,90,0,3,2,1.9988721117,58,Why plan ahead?, Reduce worry.,3
2034,51,R,,,,,1.4976922135,,,,,35,1,,5,90,0,3,2,1.42103990127,53,Why lift a glass?, Drink wine.,1
2034,52,R,,,,,2.71354645819,,,,,23,1,,5,90,0,3,2,1.25554950168,0,Why dial numbers?, Make a phone call.,1
2034,53,R,,,,,1.0229237035,,,,,20,1,,5,90,0,3,2,2.03217220364,40,How to get a degree?, Attend a school.,6
2034,54,L,,,,,3.89122804823,,,,,40,1,,5,90,0,3,2,3.81020205002,3,How to show an ability?, Satisfy hunger.,6
2034,55,R,,,,,4.1303399624,,,,,21,1,,5,90,0,3,2,1.00427410078,47,How to dress formally?, Wear ties. ,4
2034,56,R,,,,,1.52523466548,,,,,34,1,,5,90,0,3,2,1.5500227668,37,How to give applause?, Clap hands.,4
2034,57,L,,,,,2.21100369414,,,,,32,1,,5,90,0,3,2,2.22025985138,27,How to write an email?, Open a browser.,5
2034,58,L,,,,,1.93558664424,,,,,38,1,,5,90,0,3,2,2.87615734113,18,How to save money?, Clip coupons.,5
2034,59,L,,,,,2.04916231731,,,,,37,1,,5,90,0,3,2,1.98768792497,46,Why kill germs?, Avoid diseases.,2
2034,60,R,,,,,1.65531619577,,,,,29,1,,5,90,0,3,2,1.10106724769,35,Why go shopping?, Make a purchase.,2
