Subject,Trial,SSonLorR,RT,startingK,endingK,TrialStart,ITI,choiceUp,choiceMade,TrialOver,SSamount,LLamount,Condition,Choice,SSdelay,LLdelay,salienceCondition,day,runid,TaskInterval,RewardTrialRanked,Construal_QuestionText,Construal_AnswerText,Construal_Condition
2034,1,R,,,,,1.76724241311,,,,,32,1,,5,90,0,1,2,1.8554002049,55,How to write a song?, Play piano.,4
2034,2,L,,,,,1.3694472432,,,,,34,1,,5,90,0,1,2,2.7863108003,14,How to give applause?, Clap hands.,4
2034,3,L,,,,,3.1681529456,,,,,37,1,,5,90,0,1,2,2.49888281841,22,Why throw away trash?, Make a list.,1
2034,4,R,,,,,1.22433893004,,,,,30,1,,5,90,0,1,2,2.31292929893,40,Why open a bottle?, Consume medicine.,1
2034,5,R,,,,,2.90307569986,,,,,36,1,,5,90,0,1,2,1.09396643711,49,How to satisfy hunger?, Make breakfast.,5
2034,6,R,,,,,1.53487740919,,,,,35,1,,5,90,0,1,2,1.03507339598,48,How to attend a school?, Enter a classroom.,5
2034,7,L,,,,,1.97502209868,,,,,27,1,,5,90,0,1,2,1.98893517992,37,Why give a lecture?, Teach others.,2
2034,8,R,,,,,1.5883952094,,,,,40,1,,5,90,0,1,2,2.71965261181,18,Why enter a classroom?, Attend a school.,2
2034,9,R,,,,,1.97784057664,,,,,39,1,,5,90,0,1,2,1.67937633313,44,Why provide food?, Help a person.,3
2034,10,L,,,,,1.69028163523,,,,,21,1,,5,90,0,1,2,1.56346746716,8,Why contact a friend?, Feel connected.,3
2034,11,L,,,,,2.6924753097,,,,,33,1,,5,90,0,1,2,1.39327648409,16,How to reduce worry?, Plan ahead.,6
2034,12,L,,,,,2.38764945118,,,,,24,1,,5,90,0,1,2,3.06186553018,35,How to show an ability?, Satisfy hunger.,6
2034,13,R,,,,,1.41322167945,,,,,38,1,,5,90,0,1,2,1.10339069811,28,Why raise a hand?, Participate in class.,1
2034,14,L,,,,,2.10032886542,,,,,26,1,,5,90,0,1,2,1.28548551001,25,Why take aspirin?, Serve alcohol.,1
2034,15,R,,,,,1.54337179916,,,,,22,1,,5,90,0,1,2,1.57087241419,36,How to spread knowledge?, Teach others.,6
2034,16,L,,,,,2.37003229734,,,,,25,1,,5,90,0,1,2,1.5412924656,52,How to feel connected?, Contact a friend.,6
2034,17,L,,,,,1.22350704979,,,,,28,1,,5,90,0,1,2,1.77468493992,51,How to entertain oneself?, Watch television.,5
2034,18,L,,,,,3.61832622711,,,,,23,1,,5,90,0,1,2,1.09413512607,50,How to express doubt?, Use scissors.,5
2034,19,R,,,,,1.80906737554,,,,,31,1,,5,90,0,1,2,4.42118051524,13,Why open a browser?, Write an email.,2
2034,20,R,,,,,1.41294386583,,,,,20,1,,5,90,0,1,2,1.10047821457,24,Why take a picture?, Keep a memory.,2
2034,21,L,,,,,2.5407478244,,,,,37,1,,5,90,0,1,2,2.46410370756,27,Why reduce pain?, Feel well.,3
2034,22,L,,,,,1.9171468292,,,,,21,1,,5,90,0,1,2,1.18565539314,58,Why entertain others?, Express a talent.,3
2034,23,R,,,,,1.60387042313,,,,,33,1,,5,90,0,1,2,1.57494307308,4,How to prepare meals?, Follow recipes.,4
2034,24,R,,,,,1.57071422497,,,,,24,1,,5,90,0,1,2,4.38056879496,19,How to mix a cocktail?, Stir ingredients.,4
2034,25,L,,,,,5.12214109415,,,,,27,1,,5,90,0,1,2,1.57725295945,45,Why crack eggs?, Make breakfast.,1
2034,26,R,,,,,1.36785127082,,,,,40,1,,5,90,0,1,2,3.92638550587,9,Why clap hands?, Give applause.,1
2034,27,R,,,,,1.5637590172,,,,,30,1,,5,90,0,1,2,1.04066573114,15,Why paint a picture?, Make art.,2
2034,28,R,,,,,1.09454357468,,,,,38,1,,5,90,0,1,2,1.09896110491,53,Why read articles?, Gain knowledge.,2
2034,29,L,,,,,1.54338412061,,,,,23,1,,5,90,0,1,2,1.90949092942,57,How to live a long life?, Avoid diseases.,6
2034,30,L,,,,,1.04077406889,,,,,36,1,,5,90,0,1,2,3.21117305276,41,How to feel nostalgia?, Keep a memory.,6
2034,31,R,,,,,4.04145646246,,,,,28,1,,5,90,0,1,2,3.03359218677,59,How to give a lecture?, Brush ones hair.,4
2034,32,R,,,,,1.24766061735,,,,,22,1,,5,90,0,1,2,2.83612260281,46,How to open a browser?, Click a mouse.,4
2034,33,L,,,,,1.92516115273,,,,,35,1,,5,90,0,1,2,1.06189739052,43,Why satisfy hunger?, Show an ability.,3
2034,34,L,,,,,1.63649575269,,,,,34,1,,5,90,0,1,2,1.38480601077,3,Why show intelligence?, Impress others.,3
2034,35,R,,,,,1.03978744194,,,,,39,1,,5,90,0,1,2,1.93000010843,23,How to reduce pain?, Consume medicine.,5
2034,36,L,,,,,2.24218695764,,,,,29,1,,5,90,0,1,2,1.37870524376,42,How to show intelligence?, Participate in class.,5
2034,37,R,,,,,4.55414083739,,,,,20,1,,5,90,0,1,2,1.48295699758,6,Why open a magazine?, Read articles.,1
2034,38,L,,,,,2.08490958924,,,,,32,1,,5,90,0,1,2,3.57085904729,38,Why point a camera?, Take a picture.,1
2034,39,L,,,,,1.59369424468,,,,,26,1,,5,90,0,1,2,2.98550203661,32,How to feel secure?, Save money.,6
2034,40,R,,,,,1.17104591611,,,,,31,1,,5,90,0,1,2,1.64893112007,17,How to show humility?, Build muscles.,6
2034,41,L,,,,,1.64103779704,,,,,27,1,,5,90,0,1,2,1.10498223338,26,How to make a list?, Throw away trash.,4
2034,42,R,,,,,1.63259051615,,,,,40,1,,5,90,0,1,2,1.55651514151,21,How to read articles?, Open a magazine.,4
2034,43,L,,,,,2.56956051226,,,,,30,1,,5,90,0,1,2,1.12238018879,54,Why write an email?, Send a message.,3
2034,44,L,,,,,3.51799666382,,,,,37,1,,5,90,0,1,2,1.90631825929,7,Why gain knowledge?, Improve oneself.,3
2034,45,L,,,,,1.08869916357,,,,,21,1,,5,90,0,1,2,2.87507638527,30,Why write a poem?, Express an idea.,2
2034,46,R,,,,,1.74578678214,,,,,24,1,,5,90,0,1,2,1.23439994744,12,Why clip coupons?, Save money.,2
2034,47,R,,,,,1.45488751888,,,,,23,1,,5,90,0,1,2,3.82771326803,10,How to consume alcohol?, Drink wine.,5
2034,48,R,,,,,1.94214555383,,,,,31,1,,5,90,0,1,2,1.33333175471,1,How to contact a friend?, Make a phone call.,5
2034,49,R,,,,,1.0654667333,,,,,36,1,,5,90,0,1,2,1.1119267945,20,Why participate in class?, Show intelligence.,2
2034,50,R,,,,,1.11130656363,,,,,35,1,,5,90,0,1,2,1.88838327769,33,Why use a camera?, Give to charity.,2
2034,51,L,,,,,1.34979843229,,,,,28,1,,5,90,0,1,2,3.7948943875,47,How to clip coupons?, Cut paper.,4
2034,52,L,,,,,3.14907201371,,,,,25,1,,5,90,0,1,2,1.30356368728,11,How to write a poem?, Grab a pencil.,4
2034,53,R,,,,,2.87848522631,,,,,22,1,,5,90,0,1,2,2.05969994729,56,How to avoid mistakes?, Obey laws.,6
2034,54,L,,,,,1.34267538539,,,,,29,1,,5,90,0,1,2,1.83308280039,5,How to feel well?, Reduce pain.,6
2034,55,L,,,,,1.31400984699,,,,,34,1,,5,90,0,1,2,1.5447865297,31,Why build muscles?, Show humility.,3
2034,56,R,,,,,1.09144984774,,,,,32,1,,5,90,0,1,2,1.57093464096,39,Why give to charity?, Support a cause.,3
2034,57,R,,,,,2.34450581956,,,,,20,1,,5,90,0,1,2,2.89851538981,0,Why cut paper?, Clip coupons.,1
2034,58,L,,,,,1.59979385349,,,,,33,1,,5,90,0,1,2,1.95966423977,29,Why wear ties?, Dress formally.,1
2034,59,L,,,,,2.78424216679,,,,,38,1,,5,90,0,1,2,2.30785277939,34,How to gain knowledge?, Read articles.,5
2034,60,R,,,,,3.15016375726,,,,,39,1,,5,90,0,1,2,1.18337024558,2,How to entertain others?, Write a song.,5
