Subject,Trial,SSonLorR,RT,startingK,endingK,TrialStart,ITI,choiceUp,choiceMade,TrialOver,SSamount,LLamount,Condition,Choice,SSdelay,LLdelay,salienceCondition,day,runid,TaskInterval,RewardTrialRanked,Construal_QuestionText,Construal_AnswerText,Construal_Condition
2149,1,L,,,,,1.70147025247,,,,25,30,1,,1,,1,2,4,0.891817878576,1,,,
2149,2,L,,,,,1.44342817933,,,,25,30,1,,4,,1,2,4,0.9907704733,2,,,
2149,3,R,,,,,4.12907120395,,,,25,30,1,,3,,1,2,4,0.532796255912,3,,,
2149,4,R,,,,,0.866468381309,,,,25,30,1,,9,,1,2,4,2.27876478878,0,,,
