Subject,Trial,SSonLorR,RT,startingK,endingK,TrialStart,ITI,choiceUp,choiceMade,TrialOver,SSamount,LLamount,Condition,Choice,SSdelay,LLdelay,salienceCondition,day,runid,TaskInterval,RewardTrialRanked,Construal_QuestionText,Construal_AnswerText,Construal_Condition
2018,1,L,,,,,1.40098005766,,,,25,30,1,,2,,1,2,1,1.02059073656,25,Why make a phone call?, Contact a friend.,2
2018,2,L,,,,,2.82287993695,,,,25,30,1,,7,,1,2,1,1.20474490418,49,Why make breakfast?, Satisfy hunger.,2
2018,3,L,,,,,1.01703346044,,,,25,30,1,,6,,1,2,1,1.87382951507,8,How to contact a friend?, Make a phone call.,5
2018,4,L,,,,,1.48475975863,,,,25,30,1,,8,,1,2,1,1.5744997936,53,How to give to charity?, Use a camera.,5
2018,5,L,,,,,1.44393569119,,,,25,30,1,,9,,1,2,1,1.15095316773,31,Why finish a job?, Feel productive.,3
2018,6,L,,,,,2.25527685468,,,,25,30,1,,3,,1,2,1,1.03401350032,50,Why make a purchase?, Satisfy a need.,3
2018,7,R,,,,,2.07872418746,,,,25,30,1,,1,,1,2,1,5.58401871282,21,Why use credit cards?, Go shopping.,1
2018,8,R,,,,,2.58333948622,,,,25,30,1,,4,,1,2,1,2.42082563286,11,Why stir ingredients?, Mix a cocktail.,1
2018,9,R,,,,,1.2030655406,,,,25,30,1,,3,,1,2,1,1.73875846615,20,How to paint a picture?, Use a brush.,4
2018,10,R,,,,,1.43831196059,,,,25,30,1,,8,,1,2,1,2.12250300287,59,How to clip coupons?, Cut paper.,4
2018,11,R,,,,,1.16546515294,,,,25,30,1,,2,,1,2,1,1.42792306888,14,How to live a long life?, Avoid diseases.,6
2018,12,L,,,,,2.57562895742,,,,25,30,1,,4,,1,2,1,2.49436227375,57,How to feel connected?, Contact a friend.,6
2018,13,L,,,,,1.68937507557,,,,25,30,1,,6,,1,2,1,2.77335271568,43,How to lift weights?, Fasten seatbelt.,4
2018,14,R,,,,,3.9525703573,,,,25,30,1,,9,,1,2,1,1.27845968017,9,How to make a list?, Throw away trash.,4
2018,15,R,,,,,2.66254872992,,,,25,30,1,,7,,1,2,1,1.76048359602,12,Why show courtesy?, Make a friend.,3
2018,16,L,,,,,4.04096745633,,,,25,30,1,,5,,1,2,1,2.21300352455,3,Why hold a party?, Feel sociable.,3
2018,17,L,,,,,2.10824344258,,,,25,30,1,,1,,1,2,1,1.17139744154,56,How to improve oneself?, Gain knowledge.,6
2018,18,R,,,,,1.83678086612,,,,25,30,1,,4,,1,2,1,1.85753390648,34,How to feel secure?, Save money.,6
2018,19,R,,,,,1.15346340822,,,,25,30,1,,3,,1,2,1,3.96388541326,26,How to reduce pain?, Consume medicine.,5
2018,20,L,,,,,1.03882156567,,,,25,30,1,,5,,1,2,1,1.2562794784,23,How to plan ahead?, Make a list.,5
2018,21,L,,,,,3.92557876841,,,,25,30,1,,6,,1,2,1,1.40254788726,5,Why follow recipes?, Prepare meals.,1
2018,22,R,,,,,1.34978598589,,,,25,30,1,,9,,1,2,1,1.9936305306,19,Why use chalk?, Get fit.,1
2018,23,R,,,,,1.68887090562,,,,25,30,1,,2,,1,2,1,1.07488956237,24,Why give a lecture?, Teach others.,2
2018,24,R,,,,,1.00506218771,,,,25,30,1,,7,,1,2,1,4.19902179243,39,Why take a picture?, Keep a memory.,2
2018,25,R,,,,,1.90065057617,,,,25,30,1,,9,,1,2,1,1.08350719307,15,Why lift weights?, Build muscles.,2
2018,26,R,,,,,2.10127101744,,,,25,30,1,,6,,1,2,1,2.96325011156,18,Why consume caffeine?, Stay alert.,2
2018,27,L,,,,,2.98809592019,,,,25,30,1,,2,,1,2,1,1.82214065136,40,How to write a poem?, Grab a pencil.,4
2018,28,L,,,,,1.31845580952,,,,25,30,1,,3,,1,2,1,2.06573996871,42,How to take a picture?, Point a camera.,4
2018,29,L,,,,,2.05435607989,,,,25,30,1,,5,,1,2,1,2.80727649502,41,How to attend a school?, Enter a classroom.,5
2018,30,R,,,,,1.15662462302,,,,25,30,1,,8,,1,2,1,1.56637716254,38,How to show intelligence?, Participate in class.,5
2018,31,R,,,,,5.7339721697,,,,25,30,1,,4,,1,2,1,1.8527184659,55,Why sign ones name?, Write a check.,1
2018,32,R,,,,,1.54341886112,,,,25,30,1,,1,,1,2,1,1.80433994574,36,Why click a mouse?, Open a browser.,1
2018,33,L,,,,,1.03477431505,,,,25,30,1,,2,,1,2,1,1.32829059424,30,How to satisfy a need?, Make a purchase.,6
2018,34,L,,,,,1.12731379298,,,,25,30,1,,7,,1,2,1,2.05649821456,32,How to feel sociable?, Hold a party.,6
2018,35,R,,,,,1.72102311235,,,,25,30,1,,9,,1,2,1,2.43705978807,47,Why write an email?, Send a message.,3
2018,36,L,,,,,2.1845891461,,,,25,30,1,,1,,1,2,1,1.49670135103,45,Why entertain others?, Express a talent.,3
2018,37,R,,,,,1.65876075813,,,,25,30,1,,3,,1,2,1,2.70861944112,0,How to give a lecture?, Brush ones hair.,4
2018,38,R,,,,,1.02217009111,,,,25,30,1,,5,,1,2,1,1.59104993848,44,How to watch television?, Use a remote.,4
2018,39,L,,,,,3.5395937421,,,,25,30,1,,6,,1,2,1,2.12209828614,33,Why provide food?, Help a person.,3
2018,40,L,,,,,1.2567773559,,,,25,30,1,,4,,1,2,1,1.15343567356,2,Why build muscles?, Show humility.,3
2018,41,R,,,,,3.26697789314,,,,25,30,1,,5,,1,2,1,2.68694529978,6,Why dress formally?, Get a promotion.,2
2018,42,L,,,,,1.06930691989,,,,25,30,1,,3,,1,2,1,1.32111673993,7,Why write a poem?, Express an idea.,2
2018,43,L,,,,,1.08324786107,,,,25,30,1,,8,,1,2,1,2.71274937632,22,How to avoid boredom?, Entertain oneself.,6
2018,44,L,,,,,1.40708498569,,,,25,30,1,,6,,1,2,1,1.23849572931,17,How to achieve success?, Get a promotion.,6
2018,45,R,,,,,1.70620627441,,,,25,30,1,,1,,1,2,1,3.76040381892,35,How to save money?, Clip coupons.,5
2018,46,L,,,,,2.56042613818,,,,25,30,1,,4,,1,2,1,1.73007474,16,How to express doubt?, Use scissors.,5
2018,47,R,,,,,1.89875601416,,,,25,30,1,,9,,1,2,1,1.43760935002,28,Why crack eggs?, Make breakfast.,1
2018,48,R,,,,,2.21193169174,,,,25,30,1,,2,,1,2,1,1.78454637065,27,Why cut paper?, Clip coupons.,1
2018,49,L,,,,,2.26204208518,,,,25,30,1,,8,,1,2,1,3.7431930925,54,How to show humility?, Build muscles.,6
2018,50,R,,,,,1.06306771899,,,,25,30,1,,6,,1,2,1,1.70785335721,1,How to reduce worry?, Plan ahead.,6
2018,51,L,,,,,2.10647165785,,,,25,30,1,,2,,1,2,1,1.02502044686,10,Why raise a hand?, Participate in class.,1
2018,52,L,,,,,1.23408156492,,,,25,30,1,,9,,1,2,1,2.86732978834,52,Why open a bottle?, Consume medicine.,1
2018,53,R,,,,,3.48893715478,,,,25,30,1,,1,,1,2,1,1.25407883451,13,How to satisfy hunger?, Make breakfast.,5
2018,54,R,,,,,1.54044402916,,,,25,30,1,,4,,1,2,1,1.28675831045,48,How to provide food?, Prepare meals.,5
2018,55,R,,,,,2.23208569281,,,,25,30,1,,5,,1,2,1,1.82131278472,46,Why show appreciation?, Spread joy.,3
2018,56,L,,,,,2.47747738075,,,,25,30,1,,3,,1,2,1,1.23695929067,37,Why avoid diseases?, Live a long life.,3
2018,57,L,,,,,1.68642285813,,,,25,30,1,,6,,1,2,1,2.55211453009,51,Why watch television?, Show competence.,2
2018,58,R,,,,,2.38717018216,,,,25,30,1,,8,,1,2,1,3.56590170929,4,Why go shopping?, Make a purchase.,2
2018,59,R,,,,,1.3180369641,,,,25,30,1,,7,,1,2,1,1.59284818545,58,How to make a phone call?, Dial numbers.,4
2018,60,L,,,,,2.92902134608,,,,25,30,1,,1,,1,2,1,1.74888083996,29,How to dress formally?, Wear ties. ,4
