Subject,Trial,SSonLorR,RT,startingK,endingK,TrialStart,ITI,choiceUp,choiceMade,TrialOver,SSamount,LLamount,Condition,Choice,SSdelay,LLdelay,salienceCondition,day,runid,TaskInterval,RewardTrialRanked,Construal_QuestionText,Construal_AnswerText,Construal_Condition
2010,1,R,,,,,1.33829637916,,,,,20,1,,5,90,0,2,4,0.574012459089,3,,,
2010,2,L,,,,,2.97507270842,,,,,29,1,,5,90,0,2,4,2.12629387772,1,,,
2010,3,L,,,,,3.21026828632,,,,,40,1,,5,90,0,2,4,0.955095182434,2,,,
2010,4,R,,,,,1.02625480633,,,,,35,1,,5,90,0,2,4,0.699257878946,0,,,
