Subject,Trial,SSonLorR,RT,startingK,endingK,TrialStart,ITI,choiceUp,choiceMade,TrialOver,SSamount,LLamount,Condition,Choice,SSdelay,LLdelay,salienceCondition,day,runid,TaskInterval,RewardTrialRanked,Construal_QuestionText,Construal_AnswerText,Construal_Condition
2146,1,R,,,,,1.90042392955,,,,25,30,1,,3,,1,2,3,1.55991219963,0,,,
2146,2,L,,,,,0.954229328542,,,,25,30,1,,2,,1,2,3,0.73896104475,2,,,
2146,3,L,,,,,1.73314818913,,,,25,30,1,,7,,1,2,3,0.611947794903,1,,,
2146,4,R,,,,,3.09387039164,,,,25,30,1,,6,,1,2,3,1.6586528281,3,,,
