Subject,Trial,SSonLorR,RT,startingK,endingK,TrialStart,ITI,choiceUp,choiceMade,TrialOver,SSamount,LLamount,Condition,Choice,SSdelay,LLdelay,salienceCondition,day,runid,TaskInterval,RewardTrialRanked,Construal_QuestionText,Construal_AnswerText,Construal_Condition
2081,1,L,,,,,4.34480643165,,,,,28,1,,5,90,0,3,3,0.533679992265,3,,,
2081,2,R,,,,,1.70039057098,,,,,34,1,,5,90,0,3,3,0.592845282843,2,,,
2081,3,R,,,,,0.759658142054,,,,,26,1,,5,90,0,3,3,0.989149249798,0,,,
2081,4,L,,,,,2.0413142193,,,,,37,1,,5,90,0,3,3,2.1339409687,1,,,
