Subject,Trial,SSonLorR,RT,startingK,endingK,TrialStart,ITI,choiceUp,choiceMade,TrialOver,SSamount,LLamount,Condition,Choice,SSdelay,LLdelay,salienceCondition,day,runid,TaskInterval,RewardTrialRanked,Construal_QuestionText,Construal_AnswerText,Construal_Condition
2034,1,L,,,,,1.01660029488,,,,25,30,1,,1,,1,2,3,0.649220431246,3,,,
2034,2,R,,,,,0.706104382607,,,,25,30,1,,8,,1,2,3,1.30566891123,1,,,
2034,3,R,,,,,1.26457424903,,,,25,30,1,,7,,1,2,3,0.612532356602,0,,,
2034,4,L,,,,,5.92818450304,,,,25,30,1,,2,,1,2,3,0.542884292242,2,,,
