Subject,Trial,SSonLorR,RT,startingK,endingK,TrialStart,ITI,choiceUp,choiceMade,TrialOver,SSamount,LLamount,Condition,Choice,SSdelay,LLdelay,salienceCondition,day,runid,TaskInterval,RewardTrialRanked,Construal_QuestionText,Construal_AnswerText,Construal_Condition
2127,1,R,,,,,5.63068162557,,,,,36,1,,5,90,0,3,1,1.72654420717,3,How to improve oneself?, Gain knowledge.,6
2127,2,L,,,,,3.14931027028,,,,,40,1,,5,90,0,3,1,1.04127474104,40,How to show cleanliness?, Write an email.,6
2127,3,L,,,,,1.32797547163,,,,,38,1,,5,90,0,3,1,1.09769110343,35,How to provide food?, Prepare meals.,5
2127,4,L,,,,,1.05846978053,,,,,39,1,,5,90,0,3,1,1.81934452617,4,How to satisfy hunger?, Make breakfast.,5
2127,5,R,,,,,1.46852377871,,,,,28,1,,5,90,0,3,1,1.0059146225,59,How to make breakfast?, Crack eggs.,4
2127,6,R,,,,,2.69733800576,,,,,27,1,,5,90,0,3,1,2.07055445984,7,How to make a phone call?, Dial numbers.,4
2127,7,L,,,,,1.18318365871,,,,,29,1,,5,90,0,3,1,1.22383554901,25,Why give applause?, Show appreciation.,2
2127,8,L,,,,,1.42065337199,,,,,37,1,,5,90,0,3,1,1.50989766541,41,Why take a picture?, Keep a memory.,2
2127,9,R,,,,,1.29079012161,,,,,31,1,,5,90,0,3,1,2.11505904344,1,Why wash ones hands?, Kill germs.,1
2127,10,R,,,,,2.89270298959,,,,,32,1,,5,90,0,3,1,2.68171188522,44,Why lift a glass?, Drink wine.,1
2127,11,L,,,,,1.81487349692,,,,,24,1,,5,90,0,3,1,1.01329455415,54,Why keep a memory?, Feel nostalgia.,3
2127,12,L,,,,,4.18023629971,,,,,33,1,,5,90,0,3,1,2.73315762374,27,Why make a purchase?, Satisfy a need.,3
2127,13,L,,,,,1.14113992129,,,,,26,1,,5,90,0,3,1,1.03197497793,48,Why provide food?, Help a person.,3
2127,14,R,,,,,1.54071257049,,,,,22,1,,5,90,0,3,1,1.31354944208,23,Why show appreciation?, Spread joy.,3
2127,15,L,,,,,1.10226304793,,,,,23,1,,5,90,0,3,1,1.15239671289,22,Why open a bottle?, Consume medicine.,1
2127,16,L,,,,,1.05212648417,,,,,25,1,,5,90,0,3,1,2.03298991635,58,Why throw away trash?, Make a list.,1
2127,17,R,,,,,1.7570390738,,,,,30,1,,5,90,0,3,1,1.10183006164,38,How to participate in class?, Raise a hand.,4
2127,18,R,,,,,1.39375064575,,,,,20,1,,5,90,0,3,1,3.76251471649,51,How to dress formally?, Wear ties. ,4
2127,19,R,,,,,2.66273748396,,,,,35,1,,5,90,0,3,1,3.92587400358,8,How to show creativity?, Make art.,6
2127,20,R,,,,,2.44028358575,,,,,21,1,,5,90,0,3,1,5.82470554984,47,How to express a talent?, Entertain others.,6
2127,21,R,,,,,1.24730425335,,,,,32,1,,5,90,0,3,1,1.56121226837,26,How to attend a school?, Enter a classroom.,5
2127,22,L,,,,,1.90301550535,,,,,22,1,,5,90,0,3,1,3.30433978478,39,How to show intelligence?, Participate in class.,5
2127,23,R,,,,,1.85889872125,,,,,30,1,,5,90,0,3,1,1.05979625416,14,Why watch television?, Show competence.,2
2127,24,L,,,,,1.48431559574,,,,,29,1,,5,90,0,3,1,1.53008565142,46,Why write a song?, Seek advice.,2
2127,25,L,,,,,2.4732910065,,,,,34,1,,5,90,0,3,1,3.50309982871,33,How to lift weights?, Fasten seatbelt.,4
2127,26,R,,,,,3.72610995752,,,,,33,1,,5,90,0,3,1,2.52421445797,2,How to make a list?, Throw away trash.,4
2127,27,L,,,,,2.30545415382,,,,,40,1,,5,90,0,3,1,1.93764338527,10,How to show appreciation?, Give applause.,5
2127,28,L,,,,,1.27094472392,,,,,37,1,,5,90,0,3,1,1.12322263963,43,How to make a purchase?, Go shopping.,5
2127,29,R,,,,,1.37368689575,,,,,21,1,,5,90,0,3,1,1.30131070053,49,Why clap hands?, Give applause.,1
2127,30,R,,,,,1.12638473413,,,,,25,1,,5,90,0,3,1,1.69106291386,50,Why follow recipes?, Prepare meals.,1
2127,31,R,,,,,2.11344723897,,,,,24,1,,5,90,0,3,1,2.22599409839,32,Why entertain others?, Express a talent.,3
2127,32,L,,,,,2.07074873758,,,,,28,1,,5,90,0,3,1,1.09120266607,9,Why save money?, Get fit.,3
2127,33,R,,,,,1.55522928849,,,,,39,1,,5,90,0,3,1,1.89285666943,0,Why paint a picture?, Make art.,2
2127,34,R,,,,,2.56198997685,,,,,23,1,,5,90,0,3,1,2.48387943739,34,Why go shopping?, Make a purchase.,2
2127,35,L,,,,,1.29285495199,,,,,38,1,,5,90,0,3,1,1.58049418728,55,How to avoid boredom?, Entertain oneself.,6
2127,36,L,,,,,2.30374630157,,,,,26,1,,5,90,0,3,1,3.14155764287,28,How to avoid mistakes?, Obey laws.,6
2127,37,L,,,,,1.01870353849,,,,,36,1,,5,90,0,3,1,1.0198004139,30,How to drink wine?, Open a bottle. ,4
2127,38,R,,,,,5.79133360203,,,,,31,1,,5,90,0,3,1,1.01955254103,56,How to take a picture?, Point a camera.,4
2127,39,R,,,,,1.06507602398,,,,,20,1,,5,90,0,3,1,1.16090602201,29,Why make art?, Show creativity.,3
2127,40,L,,,,,1.74348826969,,,,,35,1,,5,90,0,3,1,4.27369513149,24,Why reduce pain?, Feel well.,3
2127,41,L,,,,,1.25539863326,,,,,29,1,,5,90,0,3,1,1.14763549669,16,Why sign ones name?, Write a check.,1
2127,42,R,,,,,1.14894271593,,,,,34,1,,5,90,0,3,1,3.9897938868,19,Why crack eggs?, Make breakfast.,1
2127,43,R,,,,,4.1579811122,,,,,38,1,,5,90,0,3,1,1.58477661374,18,Why participate in class?, Show intelligence.,2
2127,44,L,,,,,1.23512816931,,,,,26,1,,5,90,0,3,1,3.43209213863,36,Why lift weights?, Build muscles.,2
2127,45,R,,,,,1.55365545732,,,,,36,1,,5,90,0,3,1,1.82470725135,57,How to show humility?, Build muscles.,6
2127,46,L,,,,,1.00330436056,,,,,24,1,,5,90,0,3,1,1.25692162062,53,How to satisfy a need?, Make a purchase.,6
2127,47,R,,,,,1.92626424599,,,,,28,1,,5,90,0,3,1,1.33438473932,5,How to make a donation?, Mix a cocktail.,5
2127,48,L,,,,,1.95404785952,,,,,30,1,,5,90,0,3,1,2.25734009044,42,How to contact a friend?, Make a phone call.,5
2127,49,R,,,,,1.41108891841,,,,,37,1,,5,90,0,3,1,3.14943604393,21,How to save money?, Clip coupons.,5
2127,50,L,,,,,2.08901694555,,,,,23,1,,5,90,0,3,1,2.28551721053,6,How to gain knowledge?, Read articles.,5
2127,51,R,,,,,3.10031772035,,,,,22,1,,5,90,0,3,1,1.3459545458,12,How to feel secure?, Save money.,6
2127,52,L,,,,,1.34387119825,,,,,31,1,,5,90,0,3,1,2.98601354684,15,How to feel nostalgia?, Keep a memory.,6
2127,53,R,,,,,2.66821782289,,,,,39,1,,5,90,0,3,1,1.39998929675,52,Why use chalk?, Get fit.,1
2127,54,L,,,,,2.08296609712,,,,,40,1,,5,90,0,3,1,1.05532383313,45,Why use a remote?, Watch television.,1
2127,55,R,,,,,2.50641530224,,,,,25,1,,5,90,0,3,1,1.53374998204,20,Why kill germs?, Avoid diseases.,2
2127,56,R,,,,,1.65590296148,,,,,35,1,,5,90,0,3,1,1.75728658654,31,Why read articles?, Gain knowledge.,2
2127,57,L,,,,,2.01462764192,,,,,32,1,,5,90,0,3,1,2.72724524699,13,How to consume caffeine?, Press buttons.,4
2127,58,L,,,,,1.57515798865,,,,,20,1,,5,90,0,3,1,2.73482752396,11,How to consume medicine?, Take pills. ,4
2127,59,L,,,,,1.89177020296,,,,,27,1,,5,90,0,3,1,1.50736312956,37,Why give to charity?, Support a cause.,3
2127,60,R,,,,,1.07538256044,,,,,21,1,,5,90,0,3,1,1.95594009183,17,Why satisfy hunger?, Show an ability.,3
