Subject,Trial,SSonLorR,RT,startingK,endingK,TrialStart,ITI,choiceUp,choiceMade,TrialOver,SSamount,LLamount,Condition,Choice,SSdelay,LLdelay,salienceCondition,day,runid,TaskInterval,RewardTrialRanked,Construal_QuestionText,Construal_AnswerText,Construal_Condition
2094,1,L,,,,,2.23048662725,,,,,22,1,,5,90,0,1,2,2.38621296334,23,Why hold a party?, Feel sociable.,3
2094,2,L,,,,,2.12255528901,,,,,23,1,,5,90,0,1,2,4.7430829962,19,Why contact a friend?, Feel connected.,3
2094,3,R,,,,,3.91534382881,,,,,34,1,,5,90,0,1,2,3.21997930937,0,How to gain knowledge?, Read articles.,5
2094,4,R,,,,,2.25301521126,,,,,26,1,,5,90,0,1,2,1.57717035295,52,How to reduce pain?, Consume medicine.,5
2094,5,L,,,,,1.54994318684,,,,,31,1,,5,90,0,1,2,2.2714123732,27,How to spread joy?, Get a job.,6
2094,6,R,,,,,3.05541257004,,,,,40,1,,5,90,0,1,2,1.56827283109,17,How to impress others?, Show intelligence.,6
2094,7,L,,,,,1.45250892734,,,,,36,1,,5,90,0,1,2,1.44314827862,35,Why use a remote?, Watch television.,1
2094,8,R,,,,,1.10322332155,,,,,27,1,,5,90,0,1,2,1.17434209336,14,Why point a camera?, Take a picture.,1
2094,9,L,,,,,1.78109003221,,,,,20,1,,5,90,0,1,2,1.04488627172,16,Why write a poem?, Express an idea.,2
2094,10,L,,,,,1.01859280654,,,,,30,1,,5,90,0,1,2,1.19728975544,43,Why open a browser?, Write an email.,2
2094,11,R,,,,,2.30067988036,,,,,33,1,,5,90,0,1,2,1.27596419701,48,How to participate in class?, Raise a hand.,4
2094,12,R,,,,,1.04459278845,,,,,38,1,,5,90,0,1,2,2.12454529435,56,How to dress formally?, Wear ties. ,4
2094,13,L,,,,,2.41575404368,,,,,37,1,,5,90,0,1,2,1.3190688464,31,Why reduce pain?, Feel well.,3
2094,14,R,,,,,1.05405927158,,,,,35,1,,5,90,0,1,2,1.31947353778,28,Why attend a school?, Get a degree.,3
2094,15,R,,,,,1.57827660458,,,,,28,1,,5,90,0,1,2,2.11741395441,10,Why write a song?, Seek advice.,2
2094,16,R,,,,,2.06777120675,,,,,32,1,,5,90,0,1,2,1.29932697873,47,Why make breakfast?, Satisfy hunger.,2
2094,17,L,,,,,3.13225482701,,,,,24,1,,5,90,0,1,2,1.52153024696,55,How to consume caffeine?, Press buttons.,4
2094,18,L,,,,,3.49711464965,,,,,39,1,,5,90,0,1,2,2.18854628275,12,How to make breakfast?, Crack eggs.,4
2094,19,R,,,,,2.68585212338,,,,,29,1,,5,90,0,1,2,2.79853556748,41,Why dial numbers?, Make a phone call.,1
2094,20,R,,,,,2.1877538876,,,,,21,1,,5,90,0,1,2,1.19949393153,39,Why stir ingredients?, Mix a cocktail.,1
2094,21,L,,,,,1.90619488314,,,,,35,1,,5,90,0,1,2,2.35070970067,58,How to show an ability?, Satisfy hunger.,6
2094,22,R,,,,,1.13107694138,,,,,37,1,,5,90,0,1,2,4.69884162425,29,How to feel well?, Reduce pain.,6
2094,23,L,,,,,1.0362137779,,,,,29,1,,5,90,0,1,2,1.35293703403,30,How to give to charity?, Use a camera.,5
2094,24,L,,,,,1.36185715,,,,,32,1,,5,90,0,1,2,1.37509113219,57,How to entertain oneself?, Watch television.,5
2094,25,L,,,,,2.58592500168,,,,,24,1,,5,90,0,1,2,1.61112055334,1,How to read articles?, Open a magazine.,4
2094,26,R,,,,,2.02709258719,,,,,30,1,,5,90,0,1,2,3.78629968848,33,How to write a poem?, Grab a pencil.,4
2094,27,L,,,,,1.22496934264,,,,,36,1,,5,90,0,1,2,1.25478176807,40,Why keep a memory?, Feel nostalgia.,3
2094,28,L,,,,,1.196684493,,,,,27,1,,5,90,0,1,2,1.98990506835,26,Why show appreciation?, Spread joy.,3
2094,29,R,,,,,1.1373679048,,,,,25,1,,5,90,0,1,2,2.22483903195,46,How to consume alcohol?, Drink wine.,5
2094,30,R,,,,,4.0974828124,,,,,23,1,,5,90,0,1,2,1.43587276609,51,How to make art?, Paint a picture.,5
2094,31,R,,,,,1.48767139987,,,,,20,1,,5,90,0,1,2,1.48189094597,21,How to feel productive?, Finish a job.,6
2094,32,L,,,,,2.05960058988,,,,,28,1,,5,90,0,1,2,1.43205267364,3,How to satisfy a need?, Make a purchase.,6
2094,33,R,,,,,2.21140909825,,,,,34,1,,5,90,0,1,2,5.06615059268,13,Why use a brush?, Paint a picture.,1
2094,34,L,,,,,2.54982440613,,,,,21,1,,5,90,0,1,2,1.49274124138,8,Why open a bottle?, Consume medicine.,1
2094,35,R,,,,,2.24941181095,,,,,40,1,,5,90,0,1,2,1.2730159345,4,Why give applause?, Show appreciation.,2
2094,36,L,,,,,1.86546689657,,,,,39,1,,5,90,0,1,2,1.15145066813,53,Why dress formally?, Get a promotion.,2
2094,37,R,,,,,1.81352236771,,,,,22,1,,5,90,0,1,2,2.51466728817,42,How to consume medicine?, Take pills. ,4
2094,38,R,,,,,2.0078794245,,,,,26,1,,5,90,0,1,2,2.13900883655,50,How to give a lecture?, Brush ones hair.,4
2094,39,L,,,,,1.13124792916,,,,,31,1,,5,90,0,1,2,1.07614427306,44,How to spread knowledge?, Teach others.,6
2094,40,L,,,,,1.78482704312,,,,,33,1,,5,90,0,1,2,2.57061320533,18,How to show humility?, Build muscles.,6
2094,41,L,,,,,2.38085832346,,,,,37,1,,5,90,0,1,2,1.39494556825,24,Why get a promotion?, Achieve success.,3
2094,42,R,,,,,2.39236847808,,,,,33,1,,5,90,0,1,2,2.77109584398,20,Why satisfy hunger?, Show an ability.,3
2094,43,L,,,,,2.49072727836,,,,,28,1,,5,90,0,1,2,1.16696321709,59,Why follow recipes?, Prepare meals.,1
2094,44,R,,,,,2.50451236431,,,,,36,1,,5,90,0,1,2,2.26005707052,32,Why use credit cards?, Go shopping.,1
2094,45,R,,,,,1.05806625351,,,,,21,1,,5,90,0,1,2,3.56824630441,15,How to show appreciation?, Give applause.,5
2094,46,L,,,,,2.40941265639,,,,,26,1,,5,90,0,1,2,1.00970541933,45,How to get a promotion?, Arrive on time.,5
2094,47,L,,,,,1.73661469819,,,,,35,1,,5,90,0,1,2,1.30571685181,25,Why read articles?, Gain knowledge.,2
2094,48,R,,,,,2.0077158492,,,,,23,1,,5,90,0,1,2,2.11532920957,5,Why clip coupons?, Save money.,2
2094,49,R,,,,,2.30568364442,,,,,25,1,,5,90,0,1,2,1.05074467231,2,Why teach a class?, Obey laws.,2
2094,50,L,,,,,1.33734545,,,,,39,1,,5,90,0,1,2,2.10160826766,49,Why watch television?, Show competence.,2
2094,51,L,,,,,1.27383303747,,,,,32,1,,5,90,0,1,2,1.7748069261,54,How to show creativity?, Make art.,6
2094,52,R,,,,,1.12010215114,,,,,34,1,,5,90,0,1,2,2.51941152894,11,How to support a cause?, Give to charity.,6
2094,53,L,,,,,2.22589782947,,,,,20,1,,5,90,0,1,2,1.15899276898,22,How to give applause?, Clap hands.,4
2094,54,R,,,,,2.76022633037,,,,,29,1,,5,90,0,1,2,2.73838830929,6,How to watch television?, Use a remote.,4
2094,55,L,,,,,1.30388952262,,,,,27,1,,5,90,0,1,2,2.97656856674,7,Why sign ones name?, Write a check.,1
2094,56,R,,,,,1.52333869118,,,,,40,1,,5,90,0,1,2,1.00253217923,38,Why throw away trash?, Make a list.,1
2094,57,L,,,,,1.89990002245,,,,,24,1,,5,90,0,1,2,3.62930940404,36,How to plan ahead?, Make a list.,5
2094,58,R,,,,,1.4668820145,,,,,31,1,,5,90,0,1,2,1.25995000561,9,How to make a purchase?, Go shopping.,5
2094,59,R,,,,,4.71362336814,,,,,30,1,,5,90,0,1,2,1.05868646205,34,Why make art?, Show creativity.,3
2094,60,L,,,,,1.2265708956,,,,,38,1,,5,90,0,1,2,2.93655826449,37,Why entertain others?, Express a talent.,3
