Subject,Trial,SSonLorR,RT,startingK,endingK,TrialStart,ITI,choiceUp,choiceMade,TrialOver,SSamount,LLamount,Condition,Choice,SSdelay,LLdelay,salienceCondition,day,runid,TaskInterval,RewardTrialRanked,Construal_QuestionText,Construal_AnswerText,Construal_Condition
2108,1,L,,,,,3.7667478923,,,,25,30,1,,2,,1,1,1,1.31391309618,36,Why enter a classroom?, Attend a school.,2
2108,2,R,,,,,1.7313168408,,,,25,30,1,,1,,1,1,1,5.78071630834,21,Why write a poem?, Express an idea.,2
2108,3,L,,,,,1.43501500334,,,,25,30,1,,8,,1,1,1,1.66695539369,40,Why satisfy hunger?, Show an ability.,3
2108,4,R,,,,,1.25021258033,,,,25,30,1,,6,,1,1,1,1.64273621155,33,Why hold a party?, Feel sociable.,3
2108,5,L,,,,,1.48005673443,,,,25,30,1,,3,,1,1,1,2.29742637509,10,How to make art?, Paint a picture.,5
2108,6,L,,,,,1.02371630594,,,,25,30,1,,9,,1,1,1,2.01101925661,16,How to consume alcohol?, Drink wine.,5
2108,7,R,,,,,1.90666165303,,,,25,30,1,,4,,1,1,1,1.82323974801,49,How to get a degree?, Attend a school.,6
2108,8,R,,,,,1.18427049111,,,,25,30,1,,7,,1,1,1,1.36207403472,7,How to live a long life?, Avoid diseases.,6
2108,9,L,,,,,1.63299271944,,,,25,30,1,,2,,1,1,1,1.96072390738,4,Why drink coffee?, Consume caffeine.,1
2108,10,L,,,,,3.59948926414,,,,25,30,1,,3,,1,1,1,1.21085748248,6,Why take aspirin?, Serve alcohol.,1
2108,11,L,,,,,1.27091408115,,,,25,30,1,,1,,1,1,1,1.41932677171,32,How to drink wine?, Open a bottle. ,4
2108,12,R,,,,,4.47517986473,,,,25,30,1,,5,,1,1,1,2.57194687128,50,How to clip coupons?, Cut paper.,4
2108,13,R,,,,,5.42406122727,,,,25,30,1,,8,,1,1,1,3.47028864038,51,Why open a magazine?, Read articles.,1
2108,14,R,,,,,1.22197294616,,,,25,30,1,,9,,1,1,1,1.57490617419,23,Why use credit cards?, Go shopping.,1
2108,15,L,,,,,1.53727290831,,,,25,30,1,,7,,1,1,1,1.07018434125,25,How to improve oneself?, Gain knowledge.,6
2108,16,L,,,,,1.71578674779,,,,25,30,1,,6,,1,1,1,2.30556875522,44,How to show creativity?, Make art.,6
2108,17,R,,,,,1.96742531957,,,,25,30,1,,3,,1,1,1,2.8096513352,17,Why build muscles?, Show humility.,3
2108,18,L,,,,,1.42376688845,,,,25,30,1,,7,,1,1,1,1.09699782897,46,Why gain knowledge?, Improve oneself.,3
2108,19,L,,,,,2.49609421177,,,,25,30,1,,5,,1,1,1,1.92405156422,2,How to entertain others?, Write a song.,5
2108,20,R,,,,,1.45861791062,,,,25,30,1,,6,,1,1,1,1.37081575515,59,How to express doubt?, Use scissors.,5
2108,21,R,,,,,1.10460610994,,,,25,30,1,,8,,1,1,1,1.07606683632,30,How to read articles?, Open a magazine.,4
2108,22,L,,,,,1.96681310059,,,,25,30,1,,9,,1,1,1,2.21339241357,53,How to take a picture?, Point a camera.,4
2108,23,R,,,,,1.83328518337,,,,25,30,1,,1,,1,1,1,2.51394795467,48,Why make breakfast?, Satisfy hunger.,2
2108,24,R,,,,,1.29735288904,,,,25,30,1,,2,,1,1,1,1.0593587257,12,Why paint a picture?, Make art.,2
2108,25,R,,,,,1.63994937899,,,,25,30,1,,5,,1,1,1,2.14765199026,19,Why give applause?, Show appreciation.,2
2108,26,R,,,,,2.05335520786,,,,25,30,1,,9,,1,1,1,1.42478546959,27,Why read articles?, Gain knowledge.,2
2108,27,L,,,,,2.94324535022,,,,25,30,1,,6,,1,1,1,2.91688448089,11,How to satisfy hunger?, Make breakfast.,5
2108,28,L,,,,,2.46663920517,,,,25,30,1,,7,,1,1,1,1.55674616409,43,How to entertain oneself?, Watch television.,5
2108,29,R,,,,,2.040333361,,,,25,30,1,,4,,1,1,1,1.7593493824,42,Why show appreciation?, Spread joy.,3
2108,30,L,,,,,1.03188501016,,,,25,30,1,,1,,1,1,1,1.76081307872,35,Why plan ahead?, Reduce worry.,3
2108,31,R,,,,,2.29202977128,,,,25,30,1,,8,,1,1,1,1.83917573325,26,How to show cleanliness?, Write an email.,6
2108,32,L,,,,,2.85509131801,,,,25,30,1,,2,,1,1,1,1.26096953381,37,How to spread knowledge?, Teach others.,6
2108,33,R,,,,,1.00531249068,,,,25,30,1,,5,,1,1,1,2.15068383194,41,Why follow recipes?, Prepare meals.,1
2108,34,L,,,,,1.09422588196,,,,25,30,1,,4,,1,1,1,2.76650266685,58,Why lift a glass?, Drink wine.,1
2108,35,L,,,,,1.68407583809,,,,25,30,1,,7,,1,1,1,4.40396515122,38,How to kill germs?, Wash ones hands.,4
2108,36,R,,,,,1.789680692,,,,25,30,1,,1,,1,1,1,1.04091719441,1,How to mix a cocktail?, Stir ingredients.,4
2108,37,R,,,,,1.34852960113,,,,25,30,1,,3,,1,1,1,1.85506080003,47,Why show competence?, Pass the time.,3
2108,38,L,,,,,2.76460798732,,,,25,30,1,,8,,1,1,1,1.32320085991,20,Why contact a friend?, Feel connected.,3
2108,39,L,,,,,1.39623956289,,,,25,30,1,,2,,1,1,1,1.7598258097,18,How to make a list?, Throw away trash.,4
2108,40,R,,,,,1.17479951255,,,,25,30,1,,6,,1,1,1,1.77624129331,56,How to make breakfast?, Crack eggs.,4
2108,41,L,,,,,4.21418005675,,,,25,30,1,,3,,1,1,1,2.18406658131,8,How to spread joy?, Get a job.,6
2108,42,R,,,,,1.28429852091,,,,25,30,1,,2,,1,1,1,2.07956016533,28,How to feel productive?, Finish a job.,6
2108,43,R,,,,,1.38781429503,,,,25,30,1,,1,,1,1,1,2.87682278246,52,How to teach others?, Give a lecture.,5
2108,44,L,,,,,1.33438884403,,,,25,30,1,,9,,1,1,1,1.49820480834,5,How to attend a school?, Enter a classroom.,5
2108,45,L,,,,,1.27119070413,,,,25,30,1,,4,,1,1,1,2.2500685812,0,Why clip coupons?, Save money.,2
2108,46,L,,,,,1.48064386148,,,,25,30,1,,6,,1,1,1,2.26905040651,22,Why go shopping?, Make a purchase.,2
2108,47,R,,,,,4.61871210132,,,,25,30,1,,8,,1,1,1,1.42482514256,24,Why use a brush?, Paint a picture.,1
2108,48,R,,,,,2.22479360685,,,,25,30,1,,5,,1,1,1,2.49338269962,45,Why raise a hand?, Participate in class.,1
2108,49,L,,,,,2.10834388446,,,,25,30,1,,5,,1,1,1,1.88568292075,57,How to avoid diseases?, Kill germs.,5
2108,50,L,,,,,1.87216931599,,,,25,30,1,,7,,1,1,1,1.7252421569,15,How to show intelligence?, Participate in class.,5
2108,51,R,,,,,2.84096210038,,,,25,30,1,,2,,1,1,1,4.06388482343,54,Why entertain others?, Express a talent.,3
2108,52,R,,,,,1.31003409717,,,,25,30,1,,4,,1,1,1,1.22775913606,13,Why show intelligence?, Impress others.,3
2108,53,L,,,,,2.32324817097,,,,25,30,1,,1,,1,1,1,1.0808233965,9,How to write a song?, Play piano.,4
2108,54,R,,,,,1.13224474113,,,,25,30,1,,9,,1,1,1,1.7539582476,34,How to open a browser?, Click a mouse.,4
2108,55,R,,,,,3.26695985228,,,,25,30,1,,8,,1,1,1,1.9349669831,55,Why open a bottle?, Consume medicine.,1
2108,56,L,,,,,1.31126821597,,,,25,30,1,,6,,1,1,1,3.54966817168,3,Why use a comb?, Write a song.,1
2108,57,L,,,,,1.93353173246,,,,25,30,1,,7,,1,1,1,1.74181562796,39,How to show humility?, Build muscles.,6
2108,58,R,,,,,1.6945703756,,,,25,30,1,,2,,1,1,1,2.19568014711,31,How to express a talent?, Entertain others.,6
2108,59,R,,,,,1.93766432562,,,,25,30,1,,6,,1,1,1,1.08373671977,29,Why use a camera?, Give to charity.,2
2108,60,L,,,,,3.52902507605,,,,25,30,1,,8,,1,1,1,1.37903552905,14,Why participate in class?, Show intelligence.,2
