Subject,Trial,SSonLorR,RT,startingK,endingK,TrialStart,ITI,choiceUp,choiceMade,TrialOver,SSamount,LLamount,Condition,Choice,SSdelay,LLdelay,salienceCondition,day,runid,TaskInterval,RewardTrialRanked,Construal_QuestionText,Construal_AnswerText,Construal_Condition
2125,1,L,,,,,0.753204618287,,,,25,30,1,,3,,1,2,4,1.44723215349,0,,,
2125,2,L,,,,,5.06258889764,,,,25,30,1,,5,,1,2,4,0.78880820491,3,,,
2125,3,R,,,,,2.01021567617,,,,25,30,1,,6,,1,2,4,0.509970043001,1,,,
2125,4,R,,,,,0.544676989984,,,,25,30,1,,7,,1,2,4,0.613486478581,2,,,
