Subject,Trial,SSonLorR,RT,startingK,endingK,TrialStart,ITI,choiceUp,choiceMade,TrialOver,SSamount,LLamount,Condition,Choice,SSdelay,LLdelay,salienceCondition,day,runid,TaskInterval,RewardTrialRanked,Construal_QuestionText,Construal_AnswerText,Construal_Condition
2008,1,R,,,,,2.27952796185,,,,,34,1,,5,90,0,2,2,1.11843094006,2,How to feel nostalgia?, Keep a memory.,6
2008,2,R,,,,,1.58614476464,,,,,35,1,,5,90,0,2,2,1.35060721052,41,How to feel connected?, Contact a friend.,6
2008,3,L,,,,,1.08616258396,,,,,24,1,,5,90,0,2,2,1.84420683804,53,Why finish a job?, Feel productive.,3
2008,4,L,,,,,1.31996661231,,,,,30,1,,5,90,0,2,2,1.13050358479,5,Why gain knowledge?, Improve oneself.,3
2008,5,R,,,,,1.0033324151,,,,,31,1,,5,90,0,2,2,1.13957889745,23,How to prepare meals?, Follow recipes.,4
2008,6,L,,,,,1.39799507482,,,,,36,1,,5,90,0,2,2,1.52241857173,49,How to make a list?, Throw away trash.,4
2008,7,L,,,,,3.74113235626,,,,,32,1,,5,90,0,2,2,2.0241147364,27,How to show intelligence?, Participate in class.,5
2008,8,L,,,,,6.94492809175,,,,,29,1,,5,90,0,2,2,3.59543136847,50,How to avoid diseases?, Kill germs.,5
2008,9,R,,,,,1.30587746095,,,,,22,1,,5,90,0,2,2,2.97737902314,48,Why click a mouse?, Open a browser.,1
2008,10,L,,,,,1.84376217793,,,,,33,1,,5,90,0,2,2,1.37403583061,20,Why use credit cards?, Go shopping.,1
2008,11,L,,,,,1.79216101037,,,,,40,1,,5,90,0,2,2,1.41439149919,39,Why consume caffeine?, Stay alert.,2
2008,12,R,,,,,1.28570977099,,,,,26,1,,5,90,0,2,2,2.03217960101,55,Why clip coupons?, Save money.,2
2008,13,R,,,,,1.51936233762,,,,,21,1,,5,90,0,2,2,1.03507755819,44,Why go shopping?, Make a purchase.,2
2008,14,L,,,,,2.15852153224,,,,,23,1,,5,90,0,2,2,4.21685555693,4,Why give applause?, Show appreciation.,2
2008,15,R,,,,,1.34634344769,,,,,37,1,,5,90,0,2,2,1.59907761941,16,How to clip coupons?, Cut paper.,4
2008,16,L,,,,,1.95964291819,,,,,20,1,,5,90,0,2,2,2.90190902587,6,How to read articles?, Open a magazine.,4
2008,17,R,,,,,2.65294797642,,,,,39,1,,5,90,0,2,2,1.42903609191,10,How to make a donation?, Mix a cocktail.,5
2008,18,L,,,,,1.12401031302,,,,,25,1,,5,90,0,2,2,1.10957435318,3,How to make a purchase?, Go shopping.,5
2008,19,L,,,,,4.28458070823,,,,,28,1,,5,90,0,2,2,1.46351186775,21,Why drink coffee?, Consume caffeine.,1
2008,20,R,,,,,2.21456250247,,,,,27,1,,5,90,0,2,2,1.98633825379,52,Why use a brush?, Paint a picture.,1
2008,21,R,,,,,1.72575142727,,,,,23,1,,5,90,0,2,2,1.25768952543,11,Why give to charity?, Support a cause.,3
2008,22,R,,,,,1.02598932989,,,,,24,1,,5,90,0,2,2,5.86317205494,45,Why show competence?, Pass the time.,3
2008,23,L,,,,,1.16522514598,,,,,20,1,,5,90,0,2,2,1.347740734,15,How to get a degree?, Attend a school.,6
2008,24,R,,,,,1.70320915525,,,,,26,1,,5,90,0,2,2,2.2539518571,40,How to show an ability?, Satisfy hunger.,6
2008,25,R,,,,,1.51933695556,,,,,28,1,,5,90,0,2,2,1.98440011553,8,Why use chalk?, Get fit.,1
2008,26,L,,,,,1.20489772809,,,,,21,1,,5,90,0,2,2,1.52432545568,54,Why throw away trash?, Make a list.,1
2008,27,L,,,,,2.38928937006,,,,,33,1,,5,90,0,2,2,1.98553196701,9,How to teach others?, Give a lecture.,5
2008,28,L,,,,,1.17375993877,,,,,37,1,,5,90,0,2,2,1.84370896591,46,How to show appreciation?, Give applause.,5
2008,29,R,,,,,1.72797601825,,,,,35,1,,5,90,0,2,2,3.65083612507,0,How to satisfy a need?, Make a purchase.,6
2008,30,R,,,,,4.41648334991,,,,,25,1,,5,90,0,2,2,1.36732555419,25,How to spread knowledge?, Teach others.,6
2008,31,L,,,,,2.35653062534,,,,,34,1,,5,90,0,2,2,2.40127600739,17,How to make a phone call?, Dial numbers.,4
2008,32,R,,,,,1.54296109666,,,,,38,1,,5,90,0,2,2,3.88338281998,19,How to mix a cocktail?, Stir ingredients.,4
2008,33,L,,,,,1.87105719124,,,,,27,1,,5,90,0,2,2,1.24309747491,31,Why write a song?, Seek advice.,2
2008,34,R,,,,,1.5536422173,,,,,31,1,,5,90,0,2,2,2.06559254379,30,Why consume medicine?, Reduce pain.,2
2008,35,L,,,,,1.62456771389,,,,,22,1,,5,90,0,2,2,1.50891529534,37,Why satisfy hunger?, Show an ability.,3
2008,36,R,,,,,1.5379896328,,,,,29,1,,5,90,0,2,2,1.40532401102,47,Why show intelligence?, Impress others.,3
2008,37,R,,,,,1.4827021681,,,,,36,1,,5,90,0,2,2,1.33718489622,57,Why use a remote?, Watch television.,1
2008,38,R,,,,,1.40390271553,,,,,39,1,,5,90,0,2,2,1.99318608053,26,Why turn a doorknob?, Enter a classroom.,1
2008,39,L,,,,,4.30633993076,,,,,40,1,,5,90,0,2,2,3.89951597844,42,Why hold a party?, Feel sociable.,3
2008,40,R,,,,,2.50795213479,,,,,32,1,,5,90,0,2,2,1.06513703417,33,Why attend a school?, Get a degree.,3
2008,41,L,,,,,1.62336146884,,,,,25,1,,5,90,0,2,2,1.0510711276,12,How to plan ahead?, Make a list.,5
2008,42,L,,,,,1.1637443257,,,,,36,1,,5,90,0,2,2,1.21414252957,43,How to attend a school?, Enter a classroom.,5
2008,43,R,,,,,1.72088870811,,,,,20,1,,5,90,0,2,2,3.3074108998,58,How to write a song?, Play piano.,4
2008,44,R,,,,,2.42625027772,,,,,29,1,,5,90,0,2,2,1.1539056859,22,How to make breakfast?, Crack eggs.,4
2008,45,L,,,,,2.05064810617,,,,,38,1,,5,90,0,2,2,2.06757719532,1,Why take a picture?, Keep a memory.,2
2008,46,L,,,,,1.19799172333,,,,,28,1,,5,90,0,2,2,4.31918536292,59,Why use a camera?, Give to charity.,2
2008,47,L,,,,,1.4603428958,,,,,39,1,,5,90,0,2,2,1.11222899779,56,How to avoid boredom?, Entertain oneself.,6
2008,48,R,,,,,3.83664708768,,,,,34,1,,5,90,0,2,2,1.40622365279,36,How to achieve success?, Get a promotion.,6
2008,49,R,,,,,1.59734541746,,,,,21,1,,5,90,0,2,2,2.04294307085,32,Why contact a friend?, Feel connected.,3
2008,50,R,,,,,1.3329014864,,,,,35,1,,5,90,0,2,2,1.5776201492,28,Why provide food?, Help a person.,3
2008,51,L,,,,,2.21826290572,,,,,40,1,,5,90,0,2,2,2.44522440759,14,Why crack eggs?, Make breakfast.,1
2008,52,R,,,,,1.07249823863,,,,,26,1,,5,90,0,2,2,1.20925436415,35,Why raise a hand?, Participate in class.,1
2008,53,L,,,,,2.55596672776,,,,,22,1,,5,90,0,2,2,1.59253259115,29,How to satisfy hunger?, Make breakfast.,5
2008,54,L,,,,,2.02499045554,,,,,37,1,,5,90,0,2,2,1.44911967231,24,How to reduce pain?, Consume medicine.,5
2008,55,R,,,,,2.30361489993,,,,,31,1,,5,90,0,2,2,1.60848790277,38,How to feel well?, Reduce pain.,6
2008,56,R,,,,,3.12042263427,,,,,33,1,,5,90,0,2,2,1.00867247619,34,How to express a talent?, Entertain others.,6
2008,57,L,,,,,1.30790839659,,,,,24,1,,5,90,0,2,2,2.95302474939,7,Why dress formally?, Get a promotion.,2
2008,58,R,,,,,1.45001788298,,,,,30,1,,5,90,0,2,2,1.85268129439,18,Why paint a picture?, Make art.,2
2008,59,L,,,,,1.45229615548,,,,,32,1,,5,90,0,2,2,1.6312753357,13,How to go shopping?, Use credit cards.,4
2008,60,L,,,,,2.4838978327,,,,,27,1,,5,90,0,2,2,3.86778344822,51,How to drink wine?, Open a bottle. ,4
