Subject,Trial,SSonLorR,RT,startingK,endingK,TrialStart,ITI,choiceUp,choiceMade,TrialOver,SSamount,LLamount,Condition,Choice,SSdelay,LLdelay,salienceCondition,day,runid,TaskInterval,RewardTrialRanked,Construal_QuestionText,Construal_AnswerText,Construal_Condition
2195,1,L,,,,,1.9753444646,,,,25,30,1,,3,,1,2,4,1.45129438497,2,,,
2195,2,R,,,,,2.94430953465,,,,25,30,1,,4,,1,2,4,0.592910726944,3,,,
2195,3,L,,,,,1.15496879816,,,,25,30,1,,5,,1,2,4,0.744552427032,1,,,
2195,4,R,,,,,2.15761885458,,,,25,30,1,,9,,1,2,4,0.79088866657,0,,,
