Subject,Trial,SSonLorR,RT,startingK,endingK,TrialStart,ITI,choiceUp,choiceMade,TrialOver,SSamount,LLamount,Condition,Choice,SSdelay,LLdelay,salienceCondition,day,runid,TaskInterval,RewardTrialRanked,Construal_QuestionText,Construal_AnswerText,Construal_Condition
2027,1,R,,,,,1.2807608432,,,,,30,1,,5,90,0,2,1,3.32577753611,29,How to attend a school?, Enter a classroom.,5
2027,2,R,,,,,2.0547306963,,,,,32,1,,5,90,0,2,1,1.06017233019,2,How to satisfy hunger?, Make breakfast.,5
2027,3,L,,,,,3.64692363635,,,,,33,1,,5,90,0,2,1,2.9677375461,33,Why wear ties?, Dress formally.,1
2027,4,L,,,,,1.34504996111,,,,,25,1,,5,90,0,2,1,1.82652550816,13,Why click a mouse?, Open a browser.,1
2027,5,R,,,,,3.04502499915,,,,,34,1,,5,90,0,2,1,1.33967767744,40,How to participate in class?, Raise a hand.,4
2027,6,L,,,,,1.27979509685,,,,,28,1,,5,90,0,2,1,1.99156787509,11,How to write a poem?, Grab a pencil.,4
2027,7,L,,,,,3.15800710689,,,,,36,1,,5,90,0,2,1,3.16049687895,37,Why kill germs?, Avoid diseases.,2
2027,8,R,,,,,1.04566537339,,,,,29,1,,5,90,0,2,1,1.90289646402,39,Why watch television?, Show competence.,2
2027,9,L,,,,,2.75345058763,,,,,31,1,,5,90,0,2,1,1.72164834126,3,How to show intellect?, Share ideas.,6
2027,10,R,,,,,1.02261223933,,,,,26,1,,5,90,0,2,1,1.6076173061,45,How to spread joy?, Get a job.,6
2027,11,R,,,,,1.80815989335,,,,,23,1,,5,90,0,2,1,2.3052357043,57,Why satisfy hunger?, Show an ability.,3
2027,12,L,,,,,1.31830452542,,,,,27,1,,5,90,0,2,1,3.76714914372,16,Why get a promotion?, Achieve success.,3
2027,13,L,,,,,2.53744044109,,,,,21,1,,5,90,0,2,1,2.7204688311,22,How to plan ahead?, Make a list.,5
2027,14,R,,,,,1.06908515025,,,,,24,1,,5,90,0,2,1,1.30326438707,17,How to entertain others?, Write a song.,5
2027,15,L,,,,,1.01409571654,,,,,40,1,,5,90,0,2,1,3.74603478458,51,Why show appreciation?, Spread joy.,3
2027,16,R,,,,,1.71403809253,,,,,35,1,,5,90,0,2,1,1.75770980955,8,Why show intelligence?, Impress others.,3
2027,17,R,,,,,1.83975156627,,,,,20,1,,5,90,0,2,1,1.17716097331,4,How to write a song?, Play piano.,4
2027,18,L,,,,,1.50456843701,,,,,38,1,,5,90,0,2,1,1.37941563234,42,How to drink wine?, Open a bottle. ,4
2027,19,R,,,,,2.3996948433,,,,,39,1,,5,90,0,2,1,1.79282539405,19,How to show humility?, Build muscles.,6
2027,20,L,,,,,4.08416819664,,,,,22,1,,5,90,0,2,1,2.55120123285,28,How to feel productive?, Finish a job.,6
2027,21,L,,,,,2.06180498975,,,,,40,1,,5,90,0,2,1,1.75247049675,1,Why make a phone call?, Contact a friend.,2
2027,22,R,,,,,1.06086402231,,,,,20,1,,5,90,0,2,1,1.27128042393,49,Why consume medicine?, Reduce pain.,2
2027,23,R,,,,,1.55258553574,,,,,27,1,,5,90,0,2,1,1.29512989676,30,Why open a magazine?, Read articles.,1
2027,24,L,,,,,3.75444724863,,,,,21,1,,5,90,0,2,1,1.08082274389,53,Why take aspirin?, Serve alcohol.,1
2027,25,R,,,,,1.4564359198,,,,,31,1,,5,90,0,2,1,1.05988568247,9,How to satisfy a need?, Make a purchase.,6
2027,26,R,,,,,2.1900816322,,,,,33,1,,5,90,0,2,1,1.23122601379,54,How to feel connected?, Contact a friend.,6
2027,27,L,,,,,1.41519264049,,,,,26,1,,5,90,0,2,1,1.36172157468,38,How to give applause?, Clap hands.,4
2027,28,L,,,,,1.12188872911,,,,,23,1,,5,90,0,2,1,3.3558413679,44,How to make a list?, Throw away trash.,4
2027,29,L,,,,,4.19939741912,,,,,24,1,,5,90,0,2,1,1.16784987603,7,Why point a camera?, Take a picture.,1
2027,30,R,,,,,1.28689081409,,,,,39,1,,5,90,0,2,1,3.93690319569,56,Why use a brush?, Paint a picture.,1
2027,31,R,,,,,2.25156744382,,,,,30,1,,5,90,0,2,1,1.98882474635,48,Why write a song?, Seek advice.,2
2027,32,R,,,,,1.31479317877,,,,,37,1,,5,90,0,2,1,1.30638545087,25,Why participate in class?, Show intelligence.,2
2027,33,L,,,,,1.18222401365,,,,,22,1,,5,90,0,2,1,1.6393665088,6,How to get a promotion?, Arrive on time.,5
2027,34,L,,,,,1.3276875745,,,,,34,1,,5,90,0,2,1,1.23801777513,21,How to gain knowledge?, Read articles.,5
2027,35,L,,,,,5.32247164287,,,,,32,1,,5,90,0,2,1,3.29226623216,31,Why give to charity?, Support a cause.,3
2027,36,R,,,,,1.51009606973,,,,,36,1,,5,90,0,2,1,2.00312228626,24,Why gain knowledge?, Improve oneself.,3
2027,37,R,,,,,2.27217422435,,,,,29,1,,5,90,0,2,1,1.02365437896,55,Why write an email?, Send a message.,3
2027,38,L,,,,,2.7088979509,,,,,28,1,,5,90,0,2,1,1.60047066647,50,Why show competence?, Pass the time.,3
2027,39,R,,,,,1.02607248461,,,,,25,1,,5,90,0,2,1,2.98309313299,41,Why consume caffeine?, Stay alert.,2
2027,40,L,,,,,1.53646934374,,,,,38,1,,5,90,0,2,1,1.29873174516,46,Why read articles?, Gain knowledge.,2
2027,41,R,,,,,1.16128312445,,,,,20,1,,5,90,0,2,1,2.39513828529,58,How to entertain oneself?, Watch television.,5
2027,42,L,,,,,1.90749053638,,,,,31,1,,5,90,0,2,1,2.00123822572,12,How to save money?, Clip coupons.,5
2027,43,R,,,,,2.37192403803,,,,,24,1,,5,90,0,2,1,1.82136260708,35,How to show cleanliness?, Write an email.,6
2027,44,L,,,,,2.83468579078,,,,,28,1,,5,90,0,2,1,1.80341786228,27,How to get a degree?, Attend a school.,6
2027,45,L,,,,,1.07048946843,,,,,21,1,,5,90,0,2,1,2.38699188432,20,Why follow recipes?, Prepare meals.,1
2027,46,L,,,,,3.07662876328,,,,,23,1,,5,90,0,2,1,1.80383989107,26,Why dial numbers?, Make a phone call.,1
2027,47,R,,,,,1.86496150962,,,,,32,1,,5,90,0,2,1,2.48992092778,23,How to prepare meals?, Follow recipes.,4
2027,48,R,,,,,1.2066956857,,,,,22,1,,5,90,0,2,1,1.41380820819,34,How to make a phone call?, Dial numbers.,4
2027,49,L,,,,,1.78428446351,,,,,37,1,,5,90,0,2,1,3.71749905805,32,How to avoid boredom?, Entertain oneself.,6
2027,50,R,,,,,1.37094136862,,,,,38,1,,5,90,0,2,1,1.02680955662,47,How to support a cause?, Give to charity.,6
2027,51,L,,,,,1.89861292632,,,,,33,1,,5,90,0,2,1,1.2283642928,43,How to give to charity?, Use a camera.,5
2027,52,R,,,,,3.78482294813,,,,,36,1,,5,90,0,2,1,1.61265827504,59,How to show intelligence?, Participate in class.,5
2027,53,L,,,,,1.07629726386,,,,,26,1,,5,90,0,2,1,1.35963937275,18,Why make a list?, Plan ahead.,2
2027,54,R,,,,,1.64523102492,,,,,35,1,,5,90,0,2,1,2.73504901104,52,Why dress formally?, Get a promotion.,2
2027,55,R,,,,,1.91012437621,,,,,27,1,,5,90,0,2,1,4.70218299756,0,Why use credit cards?, Go shopping.,1
2027,56,L,,,,,1.30643135099,,,,,29,1,,5,90,0,2,1,1.94507344196,5,Why turn a doorknob?, Enter a classroom.,1
2027,57,R,,,,,2.47715227438,,,,,39,1,,5,90,0,2,1,1.26176009202,36,Why attend a school?, Get a degree.,3
2027,58,R,,,,,2.4818925683,,,,,34,1,,5,90,0,2,1,2.41113481096,15,Why avoid diseases?, Live a long life.,3
2027,59,L,,,,,1.6362037238,,,,,30,1,,5,90,0,2,1,1.26236127024,14,How to make breakfast?, Crack eggs.,4
2027,60,L,,,,,2.96817422328,,,,,25,1,,5,90,0,2,1,1.12525704962,10,How to take a picture?, Point a camera.,4
