Subject,Trial,SSonLorR,RT,startingK,endingK,TrialStart,ITI,choiceUp,choiceMade,TrialOver,SSamount,LLamount,Condition,Choice,SSdelay,LLdelay,salienceCondition,day,runid,TaskInterval,RewardTrialRanked,Construal_QuestionText,Construal_AnswerText,Construal_Condition
2184,1,R,,,,,1.17964876349,,,,25,30,1,,9,,1,2,1,2.32144792454,38,Why use credit cards?, Go shopping.,1
2184,2,R,,,,,1.79439986649,,,,25,30,1,,1,,1,2,1,2.41009508874,0,Why drink coffee?, Consume caffeine.,1
2184,3,L,,,,,2.00549848687,,,,25,30,1,,4,,1,2,1,2.74358474561,53,How to avoid diseases?, Kill germs.,5
2184,4,L,,,,,1.17211837889,,,,25,30,1,,5,,1,2,1,1.17056703998,21,How to plan ahead?, Make a list.,5
2184,5,R,,,,,1.3361679223,,,,25,30,1,,6,,1,2,1,1.80915040825,16,Why give to charity?, Support a cause.,3
2184,6,R,,,,,1.72346547536,,,,25,30,1,,2,,1,2,1,1.4352094728,30,Why show competence?, Pass the time.,3
2184,7,R,,,,,2.36438492048,,,,25,30,1,,3,,1,2,1,2.39683678389,59,How to participate in class?, Raise a hand.,4
2184,8,L,,,,,1.49100016189,,,,25,30,1,,8,,1,2,1,1.73566757691,51,How to write a poem?, Grab a pencil.,4
2184,9,R,,,,,1.96013938801,,,,25,30,1,,5,,1,2,1,4.34197670154,6,How to feel connected?, Contact a friend.,6
2184,10,R,,,,,1.05536672577,,,,25,30,1,,8,,1,2,1,3.56228679228,3,How to satisfy a need?, Make a purchase.,6
2184,11,L,,,,,1.66650844366,,,,25,30,1,,9,,1,2,1,1.25350044224,33,Why read articles?, Gain knowledge.,2
2184,12,L,,,,,1.93144336835,,,,25,30,1,,3,,1,2,1,1.81063787279,52,Why dress formally?, Get a promotion.,2
2184,13,R,,,,,1.33375249148,,,,25,30,1,,6,,1,2,1,1.0757662783,36,How to prepare meals?, Follow recipes.,4
2184,14,R,,,,,1.85356593229,,,,25,30,1,,2,,1,2,1,1.37722124641,8,How to read articles?, Open a magazine.,4
2184,15,R,,,,,1.29065798787,,,,25,30,1,,4,,1,2,1,3.22608503412,37,How to provide food?, Prepare meals.,5
2184,16,R,,,,,3.32730561416,,,,25,30,1,,7,,1,2,1,1.78443794727,49,How to build muscles?, Lift weights.,5
2184,17,L,,,,,1.02459796359,,,,25,30,1,,6,,1,2,1,1.60605516288,12,Why wear ties?, Dress formally.,1
2184,18,L,,,,,1.16264587705,,,,25,30,1,,9,,1,2,1,2.38677552781,24,Why use a comb?, Write a song.,1
2184,19,L,,,,,2.23391224251,,,,25,30,1,,8,,1,2,1,1.01367994912,42,How to live a long life?, Avoid diseases.,6
2184,20,L,,,,,1.82864139954,,,,25,30,1,,2,,1,2,1,1.56504778408,43,How to show an ability?, Satisfy hunger.,6
2184,21,L,,,,,2.2151991518,,,,25,30,1,,5,,1,2,1,1.04430577783,25,Why avoid diseases?, Live a long life.,3
2184,22,R,,,,,6.08023677195,,,,25,30,1,,1,,1,2,1,2.24431632684,10,Why share ideas?, Show intellect.,3
2184,23,L,,,,,4.12882953429,,,,25,30,1,,4,,1,2,1,1.15854355656,2,Why make a list?, Plan ahead.,2
2184,24,L,,,,,1.08685617583,,,,25,30,1,,7,,1,2,1,1.68301676526,4,Why use a camera?, Give to charity.,2
2184,25,L,,,,,1.02154618165,,,,25,30,1,,3,,1,2,1,3.41648899691,58,How to lift weights?, Fasten seatbelt.,4
2184,26,L,,,,,2.70977636254,,,,25,30,1,,6,,1,2,1,1.16625332561,39,How to watch television?, Use a remote.,4
2184,27,R,,,,,2.21929000297,,,,25,30,1,,8,,1,2,1,2.03326679686,20,How to show intellect?, Share ideas.,6
2184,28,R,,,,,1.62300420436,,,,25,30,1,,2,,1,2,1,1.38537888775,46,How to avoid boredom?, Entertain oneself.,6
2184,29,R,,,,,1.1698227294,,,,25,30,1,,4,,1,2,1,1.71179529017,56,Why use a remote?, Watch television.,1
2184,30,L,,,,,3.53204433501,,,,25,30,1,,5,,1,2,1,3.84047584709,14,Why stir ingredients?, Mix a cocktail.,1
2184,31,R,,,,,1.64399108161,,,,25,30,1,,1,,1,2,1,1.27499322118,19,Why write an email?, Send a message.,3
2184,32,L,,,,,2.18008536481,,,,25,30,1,,7,,1,2,1,1.3329218899,22,Why contact a friend?, Feel connected.,3
2184,33,L,,,,,1.1529828031,,,,25,30,1,,8,,1,2,1,1.94671626956,35,How to teach others?, Give a lecture.,5
2184,34,L,,,,,2.41223848717,,,,25,30,1,,5,,1,2,1,2.02047660764,23,How to make a purchase?, Go shopping.,5
2184,35,R,,,,,2.16311466937,,,,25,30,1,,3,,1,2,1,1.60790173955,41,Why take a picture?, Keep a memory.,2
2184,36,R,,,,,2.5665535717,,,,25,30,1,,7,,1,2,1,3.42091623675,40,Why give applause?, Show appreciation.,2
2184,37,L,,,,,1.82960332085,,,,25,30,1,,6,,1,2,1,1.60518555902,1,How to avoid mistakes?, Obey laws.,6
2184,38,R,,,,,1.37335731467,,,,25,30,1,,2,,1,2,1,1.80062553003,29,How to spread joy?, Get a job.,6
2184,39,R,,,,,1.97372524185,,,,25,30,1,,9,,1,2,1,2.79222455349,28,How to gain knowledge?, Read articles.,5
2184,40,L,,,,,4.01648576827,,,,25,30,1,,1,,1,2,1,1.32742846404,26,How to write an email?, Open a browser.,5
2184,41,L,,,,,1.92389158195,,,,25,30,1,,2,,1,2,1,3.51523413046,44,Why click a mouse?, Open a browser.,1
2184,42,R,,,,,1.49146383821,,,,25,30,1,,6,,1,2,1,1.31724053492,5,Why turn a doorknob?, Enter a classroom.,1
2184,43,R,,,,,2.05558148244,,,,25,30,1,,3,,1,2,1,2.63367535574,15,How to clip coupons?, Cut paper.,4
2184,44,R,,,,,2.36571784069,,,,25,30,1,,4,,1,2,1,1.31381799376,13,How to make a phone call?, Dial numbers.,4
2184,45,L,,,,,2.31173761049,,,,25,30,1,,5,,1,2,1,1.12997006908,32,Why kill germs?, Avoid diseases.,2
2184,46,L,,,,,1.46193401278,,,,25,30,1,,7,,1,2,1,1.23118202109,48,Why watch television?, Show competence.,2
2184,47,R,,,,,3.13740825075,,,,25,30,1,,8,,1,2,1,1.42771496764,34,Why show courtesy?, Make a friend.,3
2184,48,L,,,,,1.3068458152,,,,25,30,1,,1,,1,2,1,3.39639407795,55,Why finish a job?, Feel productive.,3
2184,49,L,,,,,1.48073787191,,,,25,30,1,,4,,1,2,1,1.72409475399,11,How to feel well?, Reduce pain.,6
2184,50,R,,,,,1.82991845796,,,,25,30,1,,6,,1,2,1,1.03420755858,57,How to express a talent?, Entertain others.,6
2184,51,L,,,,,1.18517654069,,,,25,30,1,,9,,1,2,1,2.05640157685,9,How to contact a friend?, Make a phone call.,5
2184,52,L,,,,,1.59664433189,,,,25,30,1,,3,,1,2,1,2.32378774591,27,How to attend a school?, Enter a classroom.,5
2184,53,R,,,,,3.44109251851,,,,25,30,1,,7,,1,2,1,1.14578907383,7,How to consume caffeine?, Press buttons.,4
2184,54,R,,,,,1.73657933595,,,,25,30,1,,2,,1,2,1,4.56481104956,45,How to dress formally?, Wear ties. ,4
2184,55,L,,,,,2.15738498543,,,,25,30,1,,5,,1,2,1,2.33288541229,31,Why satisfy hunger?, Show an ability.,3
2184,56,R,,,,,2.62818750438,,,,25,30,1,,8,,1,2,1,1.01697256516,18,Why gain knowledge?, Improve oneself.,3
2184,57,L,,,,,2.13895541221,,,,25,30,1,,3,,1,2,1,2.30466101664,47,Why teach a class?, Obey laws.,2
2184,58,L,,,,,1.36221260113,,,,25,30,1,,7,,1,2,1,1.29540345676,54,Why participate in class?, Show intelligence.,2
2184,59,R,,,,,1.45543878686,,,,25,30,1,,5,,1,2,1,2.31981366243,50,Why take aspirin?, Serve alcohol.,1
2184,60,R,,,,,1.27396764174,,,,25,30,1,,8,,1,2,1,2.2565254237,17,Why open a magazine?, Read articles.,1
