Subject,Trial,SSonLorR,RT,startingK,endingK,TrialStart,ITI,choiceUp,choiceMade,TrialOver,SSamount,LLamount,Condition,Choice,SSdelay,LLdelay,salienceCondition,day,runid,TaskInterval,RewardTrialRanked,Construal_QuestionText,Construal_AnswerText,Construal_Condition
2173,1,R,,,,,1.92598736736,,,,25,30,1,,5,,1,1,2,1.47343044396,58,How to feel nostalgia?, Keep a memory.,6
2173,2,R,,,,,1.81029954521,,,,25,30,1,,7,,1,1,2,2.08162324446,28,How to improve oneself?, Gain knowledge.,6
2173,3,L,,,,,1.39040308589,,,,25,30,1,,8,,1,1,2,1.73692909852,54,Why gain knowledge?, Improve oneself.,3
2173,4,L,,,,,1.48834345026,,,,25,30,1,,1,,1,1,2,2.84477447604,55,Why satisfy hunger?, Show an ability.,3
2173,5,R,,,,,1.59468057397,,,,25,30,1,,2,,1,1,2,1.03739732115,49,How to save money?, Clip coupons.,5
2173,6,L,,,,,1.79047108045,,,,25,30,1,,4,,1,1,2,1.20043797907,1,How to show appreciation?, Give applause.,5
2173,7,L,,,,,5.08287078249,,,,25,30,1,,3,,1,1,2,1.69847399546,12,How to give applause?, Clap hands.,4
2173,8,R,,,,,2.20272924098,,,,25,30,1,,9,,1,1,2,2.43492040479,33,How to consume medicine?, Take pills. ,4
2173,9,R,,,,,1.66739538374,,,,25,30,1,,4,,1,1,2,2.71132238105,17,Why lift a glass?, Drink wine.,1
2173,10,R,,,,,3.61514859272,,,,25,30,1,,2,,1,1,2,1.05857834906,18,Why raise a hand?, Participate in class.,1
2173,11,R,,,,,2.68953000612,,,,25,30,1,,1,,1,1,2,1.84608647303,13,Why watch television?, Show competence.,2
2173,12,R,,,,,1.67161436253,,,,25,30,1,,6,,1,1,2,1.17873378548,35,Why enter a classroom?, Attend a school.,2
2173,13,L,,,,,1.44034160616,,,,25,30,1,,9,,1,1,2,3.16350768869,48,How to get a promotion?, Arrive on time.,5
2173,14,R,,,,,1.19027237513,,,,25,30,1,,3,,1,1,2,5.12740551637,38,How to satisfy hunger?, Make breakfast.,5
2173,15,L,,,,,2.54531804544,,,,25,30,1,,7,,1,1,2,1.13249465895,42,How to support a cause?, Give to charity.,6
2173,16,L,,,,,1.40477805673,,,,25,30,1,,8,,1,1,2,3.37644747786,7,How to satisfy a need?, Make a purchase.,6
2173,17,R,,,,,1.14139713106,,,,25,30,1,,1,,1,1,2,1.01498244178,21,Why share ideas?, Show intellect.,3
2173,18,L,,,,,1.46491776503,,,,25,30,1,,5,,1,1,2,1.8795050396,41,Why show appreciation?, Spread joy.,3
2173,19,R,,,,,1.13021607573,,,,25,30,1,,8,,1,1,2,1.22379707181,19,Why take aspirin?, Serve alcohol.,1
2173,20,L,,,,,1.17638994609,,,,25,30,1,,2,,1,1,2,1.39785584121,11,Why throw away trash?, Make a list.,1
2173,21,L,,,,,1.75775491259,,,,25,30,1,,9,,1,1,2,1.90657070003,8,How to write a check?, Sign ones name.,4
2173,22,L,,,,,2.20485190462,,,,25,30,1,,4,,1,1,2,2.38776518145,22,How to make a list?, Throw away trash.,4
2173,23,L,,,,,1.22492243566,,,,25,30,1,,6,,1,1,2,1.97395069313,10,Why give applause?, Show appreciation.,2
2173,24,R,,,,,4.32738151856,,,,25,30,1,,7,,1,1,2,1.81766277113,4,Why make breakfast?, Satisfy hunger.,2
2173,25,L,,,,,1.73842413759,,,,25,30,1,,3,,1,1,2,1.55957969771,29,Why make a purchase?, Satisfy a need.,3
2173,26,R,,,,,1.65371259199,,,,25,30,1,,5,,1,1,2,1.24835500425,15,Why build muscles?, Show humility.,3
2173,27,R,,,,,1.15613596925,,,,25,30,1,,8,,1,1,2,2.55292509528,2,How to make a purchase?, Go shopping.,5
2173,28,L,,,,,1.40201458093,,,,25,30,1,,6,,1,1,2,1.08253844524,47,How to entertain oneself?, Watch television.,5
2173,29,L,,,,,5.29383276242,,,,25,30,1,,4,,1,1,2,3.97390076038,6,How to watch television?, Use a remote.,4
2173,30,R,,,,,1.47516176878,,,,25,30,1,,9,,1,1,2,1.0764077217,27,How to dress formally?, Wear ties. ,4
2173,31,R,,,,,2.83301312443,,,,25,30,1,,1,,1,1,2,1.28664527578,30,Why open a bottle?, Consume medicine.,1
2173,32,L,,,,,1.10296860424,,,,25,30,1,,2,,1,1,2,1.22294233012,37,Why use a remote?, Watch television.,1
2173,33,R,,,,,1.49450721423,,,,25,30,1,,3,,1,1,2,1.83515551769,31,Why dress formally?, Get a promotion.,2
2173,34,R,,,,,1.658951353,,,,25,30,1,,7,,1,1,2,4.83561127146,43,Why go shopping?, Make a purchase.,2
2173,35,L,,,,,1.96040343413,,,,25,30,1,,4,,1,1,2,1.23900178733,46,How to avoid boredom?, Entertain oneself.,6
2173,36,L,,,,,2.60604361234,,,,25,30,1,,8,,1,1,2,2.65289292033,14,How to reduce worry?, Plan ahead.,6
2173,37,R,,,,,2.25888805813,,,,25,30,1,,1,,1,1,2,1.04619005925,23,Why clap hands?, Give applause.,1
2173,38,L,,,,,2.16330133615,,,,25,30,1,,6,,1,1,2,3.62911758397,51,Why use a brush?, Paint a picture.,1
2173,39,R,,,,,1.22979480939,,,,25,30,1,,9,,1,1,2,1.00359026407,20,Why show intelligence?, Impress others.,3
2173,40,R,,,,,1.27273515685,,,,25,30,1,,5,,1,1,2,1.40273786103,3,Why hold a party?, Feel sociable.,3
2173,41,L,,,,,3.25504616909,,,,25,30,1,,6,,1,1,2,1.83057906781,40,Why take a picture?, Keep a memory.,2
2173,42,L,,,,,1.19841536014,,,,25,30,1,,5,,1,1,2,3.23628464994,52,Why paint a picture?, Make art.,2
2173,43,R,,,,,1.38155274667,,,,25,30,1,,3,,1,1,2,4.26711387727,39,How to gain knowledge?, Read articles.,5
2173,44,L,,,,,2.20090927174,,,,25,30,1,,9,,1,1,2,1.11565243924,56,How to reduce pain?, Consume medicine.,5
2173,45,R,,,,,2.78644962393,,,,25,30,1,,8,,1,1,2,1.89496150189,36,How to show humility?, Build muscles.,6
2173,46,L,,,,,2.77454399079,,,,25,30,1,,1,,1,1,2,1.14841952685,44,How to show creativity?, Make art.,6
2173,47,R,,,,,1.20656667118,,,,25,30,1,,7,,1,1,2,1.49788398799,0,How to go shopping?, Use credit cards.,4
2173,48,L,,,,,2.51998525186,,,,25,30,1,,2,,1,1,2,1.86085648156,26,How to make a phone call?, Dial numbers.,4
2173,49,L,,,,,1.72965916799,,,,25,30,1,,4,,1,1,2,3.59523364637,53,Why crack eggs?, Make breakfast.,1
2173,50,R,,,,,1.28054771691,,,,25,30,1,,9,,1,1,2,2.53370635136,25,Why use chalk?, Get fit.,1
2173,51,L,,,,,1.05714451405,,,,25,30,1,,2,,1,1,2,1.1835476107,32,How to attend a school?, Enter a classroom.,5
2173,52,L,,,,,1.22478927969,,,,25,30,1,,6,,1,1,2,1.59083431175,59,How to teach others?, Give a lecture.,5
2173,53,R,,,,,3.91982244603,,,,25,30,1,,1,,1,1,2,1.18057852934,57,Why show competence?, Pass the time.,3
2173,54,R,,,,,2.74048848742,,,,25,30,1,,8,,1,1,2,1.1398793958,34,Why finish a job?, Feel productive.,3
2173,55,R,,,,,1.21818026335,,,,25,30,1,,7,,1,1,2,2.1042721351,5,How to give a lecture?, Brush ones hair.,4
2173,56,R,,,,,1.34469503965,,,,25,30,1,,3,,1,1,2,2.06342318973,50,How to read articles?, Open a magazine.,4
2173,57,L,,,,,1.01923742657,,,,25,30,1,,2,,1,1,2,1.1428935925,9,How to feel connected?, Contact a friend.,6
2173,58,L,,,,,3.78550008039,,,,25,30,1,,3,,1,1,2,2.53578436499,16,How to show an ability?, Satisfy hunger.,6
2173,59,R,,,,,1.7807065145,,,,25,30,1,,1,,1,1,2,2.73735055385,24,Why open a browser?, Write an email.,2
2173,60,L,,,,,2.49699460048,,,,25,30,1,,9,,1,1,2,2.13111752218,45,Why consume medicine?, Reduce pain.,2
