Subject,Trial,SSonLorR,RT,startingK,endingK,TrialStart,ITI,choiceUp,choiceMade,TrialOver,SSamount,LLamount,Condition,Choice,SSdelay,LLdelay,salienceCondition,day,runid,TaskInterval,RewardTrialRanked,Construal_QuestionText,Construal_AnswerText,Construal_Condition
2104,1,L,,,,,1.56073456398,,,,25,30,1,,3,,1,3,3,1.41137242,0,,,
2104,2,R,,,,,1.97631737157,,,,25,30,1,,1,,1,3,3,0.825695933099,2,,,
2104,3,R,,,,,0.847501803454,,,,25,30,1,,8,,1,3,3,0.682057221972,1,,,
2104,4,L,,,,,2.69748648482,,,,25,30,1,,6,,1,3,3,1.36099485089,3,,,
