Subject,Trial,SSonLorR,RT,startingK,endingK,TrialStart,ITI,choiceUp,choiceMade,TrialOver,SSamount,LLamount,Condition,Choice,SSdelay,LLdelay,salienceCondition,day,runid,TaskInterval,RewardTrialRanked,Construal_QuestionText,Construal_AnswerText,Construal_Condition
2003,1,L,,,,,1.54102743026,,,,,27,1,,5,90,0,3,3,0.658294820766,3,,,
2003,2,L,,,,,1.24510380772,,,,,33,1,,5,90,0,3,3,0.764735147644,1,,,
2003,3,R,,,,,2.56166504612,,,,,32,1,,5,90,0,3,3,1.40847214562,0,,,
2003,4,R,,,,,1.7884951099,,,,,28,1,,5,90,0,3,3,1.024908204,2,,,
