Subject,Trial,SSonLorR,RT,startingK,endingK,TrialStart,ITI,choiceUp,choiceMade,TrialOver,SSamount,LLamount,Condition,Choice,SSdelay,LLdelay,salienceCondition,day,runid,TaskInterval,RewardTrialRanked,Construal_QuestionText,Construal_AnswerText,Construal_Condition
2134,1,R,,,,,3.27879299374,,,,,31,1,,5,90,0,2,2,1.31378176487,22,Why lift weights?, Build muscles.,2
2134,2,L,,,,,3.21176306545,,,,,21,1,,5,90,0,2,2,1.11545330133,33,Why give applause?, Show appreciation.,2
2134,3,R,,,,,1.92086269428,,,,,28,1,,5,90,0,2,2,1.97477830242,27,How to feel well?, Reduce pain.,6
2134,4,R,,,,,1.59345088916,,,,,22,1,,5,90,0,2,2,1.47774841682,17,How to live a long life?, Avoid diseases.,6
2134,5,R,,,,,1.07691195047,,,,,35,1,,5,90,0,2,2,2.90345621684,1,Why provide food?, Help a person.,3
2134,6,L,,,,,1.24241735673,,,,,33,1,,5,90,0,2,2,1.60313949453,43,Why show competence?, Pass the time.,3
2134,7,L,,,,,2.81765942059,,,,,20,1,,5,90,0,2,2,1.2201917833,24,How to plan ahead?, Make a list.,5
2134,8,L,,,,,1.73197945459,,,,,24,1,,5,90,0,2,2,3.42008656149,47,How to express doubt?, Use scissors.,5
2134,9,R,,,,,1.47075848352,,,,,30,1,,5,90,0,2,2,1.85578310178,37,Why cut paper?, Clip coupons.,1
2134,10,L,,,,,1.50571397939,,,,,34,1,,5,90,0,2,2,2.25940610458,23,Why wash ones hands?, Kill germs.,1
2134,11,R,,,,,1.0814445693,,,,,27,1,,5,90,0,2,2,1.07405636226,14,How to paint a picture?, Use a brush.,4
2134,12,R,,,,,1.16572741228,,,,,26,1,,5,90,0,2,2,1.19071984479,16,How to clip coupons?, Cut paper.,4
2134,13,L,,,,,1.17438565154,,,,,39,1,,5,90,0,2,2,5.69940793018,31,Why get a promotion?, Achieve success.,3
2134,14,L,,,,,3.43512949228,,,,,36,1,,5,90,0,2,2,1.27544796301,6,Why satisfy hunger?, Show an ability.,3
2134,15,L,,,,,4.36222452277,,,,,38,1,,5,90,0,2,2,2.34300103701,10,How to spread knowledge?, Teach others.,6
2134,16,L,,,,,1.08477535081,,,,,37,1,,5,90,0,2,2,3.48740276589,52,How to feel sociable?, Hold a party.,6
2134,17,L,,,,,1.37345230586,,,,,23,1,,5,90,0,2,2,1.46881862252,48,Why paint a picture?, Make art.,2
2134,18,L,,,,,2.67193322963,,,,,40,1,,5,90,0,2,2,1.05256157633,12,Why make a phone call?, Contact a friend.,2
2134,19,R,,,,,2.33846600437,,,,,25,1,,5,90,0,2,2,3.74529130708,35,Why lift a glass?, Drink wine.,1
2134,20,R,,,,,2.66697098386,,,,,29,1,,5,90,0,2,2,1.26193674277,8,Why open a magazine?, Read articles.,1
2134,21,L,,,,,2.38889915886,,,,,25,1,,5,90,0,2,2,1.13001550495,44,How to show appreciation?, Give applause.,5
2134,22,R,,,,,1.26209582938,,,,,34,1,,5,90,0,2,2,1.26505606031,4,How to consume alcohol?, Drink wine.,5
2134,23,R,,,,,1.21035831021,,,,,22,1,,5,90,0,2,2,2.14855492146,58,How to drink wine?, Open a bottle. ,4
2134,24,R,,,,,2.5141414326,,,,,40,1,,5,90,0,2,2,1.30107916737,39,How to lift weights?, Fasten seatbelt.,4
2134,25,R,,,,,2.01079401341,,,,,26,1,,5,90,0,2,2,1.67760002478,9,How to feel productive?, Finish a job.,6
2134,26,L,,,,,1.55747159568,,,,,21,1,,5,90,0,2,2,3.53344780548,19,How to feel connected?, Contact a friend.,6
2134,27,L,,,,,1.97922000936,,,,,35,1,,5,90,0,2,2,1.51319658713,50,Why use a camera?, Give to charity.,2
2134,28,L,,,,,2.69932081824,,,,,36,1,,5,90,0,2,2,2.49434578947,13,Why participate in class?, Show intelligence.,2
2134,29,R,,,,,1.16209941273,,,,,23,1,,5,90,0,2,2,1.52012155744,25,Why show appreciation?, Spread joy.,3
2134,30,R,,,,,1.22316357284,,,,,20,1,,5,90,0,2,2,1.20354424121,45,Why contact a friend?, Feel connected.,3
2134,31,L,,,,,1.17309703476,,,,,24,1,,5,90,0,2,2,1.40549818788,0,Why turn a doorknob?, Enter a classroom.,1
2134,32,R,,,,,2.17522749875,,,,,37,1,,5,90,0,2,2,1.33579237134,34,Why use chalk?, Get fit.,1
2134,33,L,,,,,1.14970218272,,,,,27,1,,5,90,0,2,2,2.57912799252,28,How to go shopping?, Use credit cards.,4
2134,34,R,,,,,2.17748559968,,,,,32,1,,5,90,0,2,2,2.41219664518,49,How to give a lecture?, Brush ones hair.,4
2134,35,L,,,,,3.21704544081,,,,,39,1,,5,90,0,2,2,4.04417662205,15,How to show intelligence?, Participate in class.,5
2134,36,R,,,,,3.43699247527,,,,,38,1,,5,90,0,2,2,1.34931331869,5,How to entertain oneself?, Watch television.,5
2134,37,L,,,,,1.36750037642,,,,,31,1,,5,90,0,2,2,1.38589606325,32,How to avoid boredom?, Entertain oneself.,6
2134,38,L,,,,,1.99096158731,,,,,29,1,,5,90,0,2,2,2.04558008012,18,How to show intellect?, Share ideas.,6
2134,39,R,,,,,2.46102922955,,,,,28,1,,5,90,0,2,2,2.81845574187,20,How to avoid diseases?, Kill germs.,5
2134,40,R,,,,,2.31516702045,,,,,33,1,,5,90,0,2,2,1.42643406265,2,How to provide food?, Prepare meals.,5
2134,41,R,,,,,1.04217622643,,,,,31,1,,5,90,0,2,2,1.34081025025,21,Why make breakfast?, Satisfy hunger.,2
2134,42,L,,,,,1.51234185015,,,,,35,1,,5,90,0,2,2,1.51745978525,36,Why drink wine?, Consume alcohol.,2
2134,43,L,,,,,2.31098908981,,,,,21,1,,5,90,0,2,2,2.57229042,41,How to write a song?, Play piano.,4
2134,44,R,,,,,1.22937490455,,,,,34,1,,5,90,0,2,2,1.03727660389,56,How to give applause?, Clap hands.,4
2134,45,L,,,,,5.09551796351,,,,,28,1,,5,90,0,2,2,2.29699513275,40,Why share ideas?, Show intellect.,3
2134,46,R,,,,,1.55201411353,,,,,33,1,,5,90,0,2,2,1.16223213472,42,Why gain knowledge?, Improve oneself.,3
2134,47,L,,,,,1.3319092133,,,,,39,1,,5,90,0,2,2,1.44842392363,54,Why throw away trash?, Make a list.,1
2134,48,R,,,,,1.27730805268,,,,,38,1,,5,90,0,2,2,3.55176164007,3,Why raise a hand?, Participate in class.,1
2134,49,L,,,,,2.60551257355,,,,,37,1,,5,90,0,2,2,1.88192437917,53,How to feel nostalgia?, Keep a memory.,6
2134,50,R,,,,,1.79342639611,,,,,40,1,,5,90,0,2,2,2.97041426608,46,How to avoid mistakes?, Obey laws.,6
2134,51,R,,,,,2.5192385489,,,,,29,1,,5,90,0,2,2,3.35774113339,59,Why use a comb?, Write a song.,1
2134,52,R,,,,,1.20638276741,,,,,20,1,,5,90,0,2,2,1.18473181477,51,Why use a brush?, Paint a picture.,1
2134,53,L,,,,,1.0531195263,,,,,27,1,,5,90,0,2,2,1.8266070628,57,Why write a poem?, Express an idea.,2
2134,54,L,,,,,2.78600793017,,,,,32,1,,5,90,0,2,2,1.10496583249,29,Why dress formally?, Get a promotion.,2
2134,55,L,,,,,1.83653635675,,,,,23,1,,5,90,0,2,2,1.22105911603,38,How to read articles?, Open a magazine.,4
2134,56,L,,,,,1.93974601002,,,,,30,1,,5,90,0,2,2,2.89358458899,11,How to take a picture?, Point a camera.,4
2134,57,L,,,,,3.54118927078,,,,,24,1,,5,90,0,2,2,1.30029675805,55,How to give to charity?, Use a camera.,5
2134,58,R,,,,,2.52836834598,,,,,36,1,,5,90,0,2,2,1.27354334363,26,How to get a promotion?, Arrive on time.,5
2134,59,R,,,,,1.08040312177,,,,,25,1,,5,90,0,2,2,1.1850109982,7,Why hold a party?, Feel sociable.,3
2134,60,R,,,,,1.05447823505,,,,,22,1,,5,90,0,2,2,4.87047882652,30,Why plan ahead?, Reduce worry.,3
