Subject,Trial,SSonLorR,RT,startingK,endingK,TrialStart,ITI,choiceUp,choiceMade,TrialOver,SSamount,LLamount,Condition,Choice,SSdelay,LLdelay,salienceCondition,day,runid,TaskInterval,RewardTrialRanked,Construal_QuestionText,Construal_AnswerText,Construal_Condition
2186,1,L,,,,,1.52445113461,,,,,24,1,,5,90,0,3,4,0.904128522927,3,,,
2186,2,L,,,,,3.13754314297,,,,,32,1,,5,90,0,3,4,0.59950306182,2,,,
2186,3,R,,,,,1.61285703724,,,,,28,1,,5,90,0,3,4,1.2825420711,1,,,
2186,4,R,,,,,1.49489599987,,,,,39,1,,5,90,0,3,4,1.23949631613,0,,,
