Subject,Trial,SSonLorR,RT,startingK,endingK,TrialStart,ITI,choiceUp,choiceMade,TrialOver,SSamount,LLamount,Condition,Choice,SSdelay,LLdelay,salienceCondition,day,runid,TaskInterval,RewardTrialRanked,Construal_QuestionText,Construal_AnswerText,Construal_Condition
2027,1,L,,,,,1.12457061905,,,,,24,1,,5,90,0,3,3,2.14140577049,1,,,
2027,2,R,,,,,0.705242280321,,,,,34,1,,5,90,0,3,3,0.756874373986,3,,,
2027,3,R,,,,,1.76956176249,,,,,22,1,,5,90,0,3,3,0.66577502032,0,,,
2027,4,L,,,,,4.5531665271,,,,,38,1,,5,90,0,3,3,0.942476852872,2,,,
