Subject,Trial,SSonLorR,RT,startingK,endingK,TrialStart,ITI,choiceUp,choiceMade,TrialOver,SSamount,LLamount,Condition,Choice,SSdelay,LLdelay,salienceCondition,day,runid,TaskInterval,RewardTrialRanked,Construal_QuestionText,Construal_AnswerText,Construal_Condition
2187,1,L,,,,,4.97866363038,,,,25,30,1,,1,,1,3,2,2.96252673176,16,Why enter a classroom?, Attend a school.,2
2187,2,R,,,,,2.72350741342,,,,25,30,1,,5,,1,3,2,2.04342223919,6,Why kill germs?, Avoid diseases.,2
2187,3,R,,,,,1.8922222028,,,,25,30,1,,7,,1,3,2,1.32379080105,8,How to give a lecture?, Brush ones hair.,4
2187,4,L,,,,,4.09321554296,,,,25,30,1,,6,,1,3,2,1.75301835057,34,How to write a check?, Sign ones name.,4
2187,5,R,,,,,2.14972901176,,,,25,30,1,,4,,1,3,2,1.80248268577,39,Why turn a doorknob?, Enter a classroom.,1
2187,6,L,,,,,1.02622519206,,,,25,30,1,,9,,1,3,2,1.21859765042,51,Why open a magazine?, Read articles.,1
2187,7,L,,,,,1.35040283519,,,,25,30,1,,8,,1,3,2,2.19390083111,22,Why show appreciation?, Spread joy.,3
2187,8,R,,,,,1.31835074181,,,,25,30,1,,2,,1,3,2,2.21336248496,42,Why make a purchase?, Satisfy a need.,3
2187,9,R,,,,,1.00173841847,,,,25,30,1,,1,,1,3,2,1.94022030206,43,How to show ambition?, Serve alcohol.,5
2187,10,R,,,,,1.62765037675,,,,25,30,1,,4,,1,3,2,1.51598265793,5,How to plan ahead?, Make a list.,5
2187,11,L,,,,,1.32838755137,,,,25,30,1,,7,,1,3,2,1.81523032297,26,How to impress others?, Show intelligence.,6
2187,12,L,,,,,4.43105890507,,,,25,30,1,,6,,1,3,2,1.09709255959,58,How to feel connected?, Contact a friend.,6
2187,13,L,,,,,1.18805234957,,,,25,30,1,,2,,1,3,2,1.32587580258,9,Why wear ties?, Dress formally.,1
2187,14,L,,,,,1.47120091246,,,,25,30,1,,3,,1,3,2,1.60314497069,57,Why follow recipes?, Prepare meals.,1
2187,15,R,,,,,1.11278537421,,,,25,30,1,,8,,1,3,2,1.74761176562,50,How to show humility?, Build muscles.,6
2187,16,L,,,,,1.35665120607,,,,25,30,1,,5,,1,3,2,3.50062720169,15,How to feel secure?, Save money.,6
2187,17,R,,,,,2.30849734986,,,,25,30,1,,1,,1,3,2,1.39868712282,54,How to read articles?, Open a magazine.,4
2187,18,R,,,,,1.71006192197,,,,25,30,1,,5,,1,3,2,1.77614628958,53,How to watch television?, Use a remote.,4
2187,19,L,,,,,1.10448486065,,,,25,30,1,,8,,1,3,2,1.70760634004,46,How to express doubt?, Use scissors.,5
2187,20,R,,,,,3.4324838692,,,,25,30,1,,3,,1,3,2,2.10501086896,18,How to satisfy hunger?, Make breakfast.,5
2187,21,R,,,,,2.0549526877,,,,25,30,1,,6,,1,3,2,2.9232018477,14,Why finish a job?, Feel productive.,3
2187,22,L,,,,,2.01351989822,,,,25,30,1,,4,,1,3,2,2.0035682563,21,Why share ideas?, Show intellect.,3
2187,23,R,,,,,1.41445292547,,,,25,30,1,,7,,1,3,2,1.54866822382,19,Why paint a picture?, Make art.,2
2187,24,L,,,,,1.71095769396,,,,25,30,1,,2,,1,3,2,5.34540624979,48,Why give applause?, Show appreciation.,2
2187,25,R,,,,,2.41263776687,,,,25,30,1,,6,,1,3,2,1.35237237741,28,Why open a bottle?, Consume medicine.,1
2187,26,L,,,,,1.47954581767,,,,25,30,1,,2,,1,3,2,1.58255602651,47,Why raise a hand?, Participate in class.,1
2187,27,R,,,,,1.03128569532,,,,25,30,1,,4,,1,3,2,1.58460424335,3,How to get a degree?, Attend a school.,6
2187,28,R,,,,,2.67951135399,,,,25,30,1,,5,,1,3,2,2.95433096073,29,How to support a cause?, Give to charity.,6
2187,29,L,,,,,1.19686371559,,,,25,30,1,,3,,1,3,2,1.2937081521,0,Why provide food?, Help a person.,3
2187,30,L,,,,,1.91138627041,,,,25,30,1,,7,,1,3,2,2.2307375969,27,Why build muscles?, Show humility.,3
2187,31,L,,,,,1.28924859628,,,,25,30,1,,9,,1,3,2,1.73270092326,24,Why clip coupons?, Save money.,2
2187,32,R,,,,,1.82056987798,,,,25,30,1,,1,,1,3,2,1.55215493555,10,Why consume medicine?, Reduce pain.,2
2187,33,L,,,,,1.99014549832,,,,25,30,1,,7,,1,3,2,2.08423813908,40,How to kill germs?, Wash ones hands.,4
2187,34,L,,,,,2.90756871741,,,,25,30,1,,8,,1,3,2,1.82779910648,52,How to drink wine?, Open a bottle. ,4
2187,35,R,,,,,1.74902932451,,,,25,30,1,,3,,1,3,2,2.59213841939,38,How to consume alcohol?, Drink wine.,5
2187,36,R,,,,,1.92397895037,,,,25,30,1,,9,,1,3,2,2.33634040397,30,How to save money?, Clip coupons.,5
2187,37,R,,,,,3.93953331735,,,,25,30,1,,4,,1,3,2,1.87565899435,37,Why get a promotion?, Achieve success.,3
2187,38,L,,,,,2.95630538383,,,,25,30,1,,2,,1,3,2,2.2308584147,31,Why show courtesy?, Make a friend.,3
2187,39,R,,,,,1.10283658445,,,,25,30,1,,1,,1,3,2,1.01323949301,44,Why stir ingredients?, Mix a cocktail.,1
2187,40,L,,,,,1.02155677612,,,,25,30,1,,6,,1,3,2,1.13140051826,13,Why clap hands?, Give applause.,1
2187,41,L,,,,,1.51163015029,,,,25,30,1,,4,,1,3,2,2.82073892865,45,Why open a browser?, Write an email.,2
2187,42,R,,,,,1.44413243794,,,,25,30,1,,9,,1,3,2,3.61800968676,35,Why participate in class?, Show intelligence.,2
2187,43,R,,,,,2.36574537765,,,,25,30,1,,6,,1,3,2,3.0002512236,25,How to lift weights?, Fasten seatbelt.,4
2187,44,L,,,,,2.83578556752,,,,25,30,1,,3,,1,3,2,1.45510495288,2,How to consume caffeine?, Press buttons.,4
2187,45,R,,,,,1.08847852806,,,,25,30,1,,7,,1,3,2,1.74133849652,49,How to show an ability?, Satisfy hunger.,6
2187,46,L,,,,,1.62192772971,,,,25,30,1,,8,,1,3,2,1.4958596042,33,How to express a talent?, Entertain others.,6
2187,47,R,,,,,2.37466920102,,,,25,30,1,,5,,1,3,2,2.0903109856,55,How to entertain oneself?, Watch television.,5
2187,48,L,,,,,1.56627367231,,,,25,30,1,,2,,1,3,2,2.36317658733,23,How to contact a friend?, Make a phone call.,5
2187,49,R,,,,,2.1312482087,,,,25,30,1,,4,,1,3,2,3.58826501997,36,How to feel nostalgia?, Keep a memory.,6
2187,50,L,,,,,2.0235002061,,,,25,30,1,,9,,1,3,2,1.80518788879,4,How to show cleanliness?, Write an email.,6
2187,51,R,,,,,1.21609120999,,,,25,30,1,,5,,1,3,2,1.19393357377,41,Why click a mouse?, Open a browser.,1
2187,52,L,,,,,1.23641347227,,,,25,30,1,,7,,1,3,2,1.66078997194,11,Why cut paper?, Clip coupons.,1
2187,53,R,,,,,1.63050185217,,,,25,30,1,,1,,1,3,2,1.92336907303,1,How to mix a cocktail?, Stir ingredients.,4
2187,54,L,,,,,5.26360307751,,,,25,30,1,,2,,1,3,2,1.19140320676,56,How to paint a picture?, Use a brush.,4
2187,55,L,,,,,1.1893121633,,,,25,30,1,,8,,1,3,2,1.7108696661,59,Why keep a memory?, Feel nostalgia.,3
2187,56,L,,,,,1.82809952501,,,,25,30,1,,3,,1,3,2,3.56391591737,32,Why reduce pain?, Feel well.,3
2187,57,R,,,,,1.44738433231,,,,25,30,1,,5,,1,3,2,2.26702373357,7,How to get a promotion?, Arrive on time.,5
2187,58,L,,,,,1.27875944655,,,,25,30,1,,4,,1,3,2,1.48852283416,12,How to show intelligence?, Participate in class.,5
2187,59,R,,,,,1.33847281278,,,,25,30,1,,6,,1,3,2,1.14594076761,20,Why consume caffeine?, Stay alert.,2
2187,60,R,,,,,3.53939490637,,,,25,30,1,,7,,1,3,2,1.9198874974,17,Why give a lecture?, Teach others.,2
