Subject,Trial,SSonLorR,RT,startingK,endingK,TrialStart,ITI,choiceUp,choiceMade,TrialOver,SSamount,LLamount,Condition,Choice,SSdelay,LLdelay,salienceCondition,day,runid,TaskInterval,RewardTrialRanked,Construal_QuestionText,Construal_AnswerText,Construal_Condition
2163,1,R,,,,,1.45923202261,,,,25,30,1,,9,,1,1,2,2.63179498896,50,Why drink coffee?, Consume caffeine.,1
2163,2,R,,,,,1.01067221616,,,,25,30,1,,8,,1,1,2,2.16218489828,0,Why point a camera?, Take a picture.,1
2163,3,L,,,,,1.37839058945,,,,25,30,1,,6,,1,1,2,1.10183332545,13,How to consume medicine?, Take pills. ,4
2163,4,R,,,,,1.40191852415,,,,25,30,1,,2,,1,1,2,1.10629457682,48,How to make a phone call?, Dial numbers.,4
2163,5,R,,,,,3.42287615018,,,,25,30,1,,3,,1,1,2,2.27918481845,9,How to achieve success?, Get a promotion.,6
2163,6,L,,,,,1.88257536338,,,,25,30,1,,4,,1,1,2,1.05932061808,51,How to show humility?, Build muscles.,6
2163,7,L,,,,,1.07369094598,,,,25,30,1,,7,,1,1,2,2.18475587056,30,Why build muscles?, Show humility.,3
2163,8,R,,,,,1.45059948755,,,,25,30,1,,5,,1,1,2,1.68308471533,21,Why attend a school?, Get a degree.,3
2163,9,L,,,,,1.97552804814,,,,25,30,1,,4,,1,1,2,1.5089843117,53,Why kill germs?, Avoid diseases.,2
2163,10,R,,,,,1.29765823376,,,,25,30,1,,3,,1,1,2,2.75931587009,23,Why enter a classroom?, Attend a school.,2
2163,11,R,,,,,1.10296638755,,,,25,30,1,,9,,1,1,2,2.42017527998,11,How to gain knowledge?, Read articles.,5
2163,12,L,,,,,1.9534271977,,,,25,30,1,,1,,1,1,2,2.53485509681,10,How to show ambition?, Serve alcohol.,5
2163,13,R,,,,,4.63314853948,,,,25,30,1,,2,,1,1,2,1.39576881547,14,Why plan ahead?, Reduce worry.,3
2163,14,L,,,,,1.38231625128,,,,25,30,1,,7,,1,1,2,1.03063125857,17,Why finish a job?, Feel productive.,3
2163,15,L,,,,,3.70645071807,,,,25,30,1,,5,,1,1,2,1.07156599949,37,How to go shopping?, Use credit cards.,4
2163,16,L,,,,,1.84833725916,,,,25,30,1,,6,,1,1,2,1.17321578704,27,How to prepare meals?, Follow recipes.,4
2163,17,L,,,,,3.34297174408,,,,25,30,1,,3,,1,1,2,2.97469255771,2,How to show appreciation?, Give applause.,5
2163,18,L,,,,,1.33938098186,,,,25,30,1,,8,,1,1,2,1.42601169226,42,How to write an email?, Open a browser.,5
2163,19,R,,,,,1.32042325326,,,,25,30,1,,4,,1,1,2,1.93232085667,44,Why make a phone call?, Contact a friend.,2
2163,20,L,,,,,1.72608221328,,,,25,30,1,,7,,1,1,2,1.85707060102,49,Why make breakfast?, Satisfy hunger.,2
2163,21,L,,,,,2.15411206998,,,,25,30,1,,1,,1,1,2,4.23278680402,22,Why raise a hand?, Participate in class.,1
2163,22,R,,,,,1.89900378955,,,,25,30,1,,9,,1,1,2,1.47367720793,38,Why clap hands?, Give applause.,1
2163,23,R,,,,,3.07189854125,,,,25,30,1,,6,,1,1,2,1.59883713859,45,How to get a degree?, Attend a school.,6
2163,24,R,,,,,1.18474860277,,,,25,30,1,,2,,1,1,2,4.56907595151,59,How to avoid boredom?, Entertain oneself.,6
2163,25,L,,,,,1.02255551593,,,,25,30,1,,1,,1,1,2,3.88502564972,25,How to consume alcohol?, Drink wine.,5
2163,26,R,,,,,1.58636949575,,,,25,30,1,,5,,1,1,2,1.24530789669,3,How to get a promotion?, Arrive on time.,5
2163,27,R,,,,,1.35840637726,,,,25,30,1,,3,,1,1,2,1.01102311703,7,Why teach a class?, Obey laws.,2
2163,28,R,,,,,1.96107180323,,,,25,30,1,,4,,1,1,2,3.05432166718,43,Why use a camera?, Give to charity.,2
2163,29,L,,,,,5.45103912542,,,,25,30,1,,8,,1,1,2,1.43340582995,39,Why wear ties?, Dress formally.,1
2163,30,L,,,,,1.02633144346,,,,25,30,1,,6,,1,1,2,2.10575071414,15,Why use chalk?, Get fit.,1
2163,31,L,,,,,1.05201070222,,,,25,30,1,,2,,1,1,2,2.33084214147,18,How to satisfy a need?, Make a purchase.,6
2163,32,R,,,,,3.05813626371,,,,25,30,1,,7,,1,1,2,3.06005394195,36,How to feel sociable?, Hold a party.,6
2163,33,L,,,,,1.34372264954,,,,25,30,1,,4,,1,1,2,1.90091291806,56,How to make breakfast?, Crack eggs.,4
2163,34,L,,,,,1.99321210895,,,,25,30,1,,9,,1,1,2,1.05504698579,47,How to lift weights?, Fasten seatbelt.,4
2163,35,R,,,,,1.64661930443,,,,25,30,1,,2,,1,1,2,1.21684358779,6,Why get a promotion?, Achieve success.,3
2163,36,R,,,,,2.50095066182,,,,25,30,1,,5,,1,1,2,1.33838153847,58,Why show intelligence?, Impress others.,3
2163,37,R,,,,,1.84581701509,,,,25,30,1,,8,,1,1,2,3.33570676804,16,Why take aspirin?, Serve alcohol.,1
2163,38,L,,,,,1.50598876367,,,,25,30,1,,7,,1,1,2,2.82886666738,55,Why open a bottle?, Consume medicine.,1
2163,39,R,,,,,1.09485645,,,,25,30,1,,3,,1,1,2,1.22731692234,29,How to give applause?, Clap hands.,4
2163,40,R,,,,,2.61549476743,,,,25,30,1,,1,,1,1,2,1.25186684482,5,How to drink wine?, Open a bottle. ,4
2163,41,L,,,,,2.73257817023,,,,25,30,1,,1,,1,1,2,1.58426104751,19,How to live a long life?, Avoid diseases.,6
2163,42,L,,,,,3.6249980771,,,,25,30,1,,3,,1,1,2,2.13534835803,32,How to express a talent?, Entertain others.,6
2163,43,R,,,,,1.19496605419,,,,25,30,1,,9,,1,1,2,2.26996504538,8,Why provide food?, Help a person.,3
2163,44,R,,,,,2.26025312242,,,,25,30,1,,6,,1,1,2,2.62155751336,35,Why contact a friend?, Feel connected.,3
2163,45,L,,,,,2.12018753603,,,,25,30,1,,4,,1,1,2,1.62732364827,54,Why write a poem?, Express an idea.,2
2163,46,L,,,,,1.47261024439,,,,25,30,1,,5,,1,1,2,1.43916748935,12,Why participate in class?, Show intelligence.,2
2163,47,L,,,,,2.64530365164,,,,25,30,1,,2,,1,1,2,1.1465972513,1,How to entertain oneself?, Watch television.,5
2163,48,R,,,,,1.96250900446,,,,25,30,1,,8,,1,1,2,2.96065821197,20,How to make art?, Paint a picture.,5
2163,49,R,,,,,2.81500537875,,,,25,30,1,,1,,1,1,2,2.9642356418,28,How to consume caffeine?, Press buttons.,4
2163,50,R,,,,,2.08799556957,,,,25,30,1,,7,,1,1,2,1.15559976312,40,How to dress formally?, Wear ties. ,4
2163,51,R,,,,,1.67327006919,,,,25,30,1,,9,,1,1,2,3.24336718224,46,Why use a comb?, Write a song.,1
2163,52,L,,,,,1.98093633351,,,,25,30,1,,2,,1,1,2,1.40663725572,33,Why crack eggs?, Make breakfast.,1
2163,53,L,,,,,2.51214404413,,,,25,30,1,,3,,1,1,2,1.60830855744,34,How to support a cause?, Give to charity.,6
2163,54,L,,,,,1.54607927187,,,,25,30,1,,5,,1,1,2,1.20354578808,31,How to improve oneself?, Gain knowledge.,6
2163,55,L,,,,,1.11936349326,,,,25,30,1,,4,,1,1,2,1.07834155823,41,How to express doubt?, Use scissors.,5
2163,56,R,,,,,2.11134700429,,,,25,30,1,,8,,1,1,2,1.16502124338,57,How to attend a school?, Enter a classroom.,5
2163,57,R,,,,,3.53334298224,,,,25,30,1,,5,,1,1,2,2.88870017951,52,Why write an email?, Send a message.,3
2163,58,L,,,,,1.23504174254,,,,25,30,1,,9,,1,1,2,3.45973736784,4,Why save money?, Get fit.,3
2163,59,L,,,,,1.24219504502,,,,25,30,1,,4,,1,1,2,2.48261862085,26,Why take a picture?, Keep a memory.,2
2163,60,R,,,,,1.94441921801,,,,25,30,1,,2,,1,1,2,1.09608871911,24,Why drink wine?, Consume alcohol.,2
