Subject,Trial,SSonLorR,RT,startingK,endingK,TrialStart,ITI,choiceUp,choiceMade,TrialOver,SSamount,LLamount,Condition,Choice,SSdelay,LLdelay,salienceCondition,day,runid,TaskInterval,RewardTrialRanked,Construal_QuestionText,Construal_AnswerText,Construal_Condition
2155,1,L,,,,,4.36983430136,,,,25,30,1,,7,,1,3,4,1.27291676194,0,,,
2155,2,R,,,,,1.23868741271,,,,25,30,1,,5,,1,3,4,0.877859541392,1,,,
2155,3,R,,,,,1.95758135915,,,,25,30,1,,9,,1,3,4,0.801242304415,3,,,
2155,4,L,,,,,0.979815548918,,,,25,30,1,,2,,1,3,4,1.02463220806,2,,,
