Subject,Trial,SSonLorR,RT,startingK,endingK,TrialStart,ITI,choiceUp,choiceMade,TrialOver,SSamount,LLamount,Condition,Choice,SSdelay,LLdelay,salienceCondition,day,runid,TaskInterval,RewardTrialRanked,Construal_QuestionText,Construal_AnswerText,Construal_Condition
2070,1,L,,,,,1.28023023034,,,,25,30,1,,6,,1,3,1,1.69098351365,35,Why write an email?, Send a message.,3
2070,2,R,,,,,2.73407362758,,,,25,30,1,,8,,1,3,1,2.32176221824,13,Why attend a school?, Get a degree.,3
2070,3,R,,,,,1.61617209024,,,,25,30,1,,5,,1,3,1,5.18009960222,11,Why kill germs?, Avoid diseases.,2
2070,4,L,,,,,1.03538896432,,,,25,30,1,,3,,1,3,1,1.98087009953,10,Why read articles?, Gain knowledge.,2
2070,5,L,,,,,2.87135706332,,,,25,30,1,,7,,1,3,1,1.88753022809,34,Why cut paper?, Clip coupons.,1
2070,6,L,,,,,2.9621208091,,,,25,30,1,,2,,1,3,1,4.43993235897,54,Why wash ones hands?, Kill germs.,1
2070,7,R,,,,,2.39351109582,,,,25,30,1,,9,,1,3,1,2.06945731316,20,How to feel productive?, Finish a job.,6
2070,8,R,,,,,5.117485252,,,,25,30,1,,1,,1,3,1,1.10229839789,47,How to show intellect?, Share ideas.,6
2070,9,R,,,,,1.93483054508,,,,25,30,1,,5,,1,3,1,2.82258348018,51,How to go shopping?, Use credit cards.,4
2070,10,R,,,,,1.21994524497,,,,25,30,1,,9,,1,3,1,1.30655575086,40,How to make a list?, Throw away trash.,4
2070,11,R,,,,,1.47286690685,,,,25,30,1,,4,,1,3,1,2.37119504926,28,How to show intelligence?, Participate in class.,5
2070,12,L,,,,,1.90284835942,,,,25,30,1,,1,,1,3,1,1.25023882435,5,How to satisfy hunger?, Make breakfast.,5
2070,13,L,,,,,1.61012397383,,,,25,30,1,,7,,1,3,1,1.19197609961,48,How to contact a friend?, Make a phone call.,5
2070,14,L,,,,,1.92943846039,,,,25,30,1,,8,,1,3,1,2.30894305613,32,How to consume alcohol?, Drink wine.,5
2070,15,L,,,,,1.78048918592,,,,25,30,1,,2,,1,3,1,1.05514998243,22,Why finish a job?, Feel productive.,3
2070,16,R,,,,,1.10418524288,,,,25,30,1,,3,,1,3,1,1.14174307208,25,Why show appreciation?, Spread joy.,3
2070,17,R,,,,,2.16160156936,,,,25,30,1,,7,,1,3,1,1.34675791744,2,Why use chalk?, Get fit.,1
2070,18,R,,,,,2.32233921724,,,,25,30,1,,9,,1,3,1,1.14748313616,17,Why use a brush?, Paint a picture.,1
2070,19,L,,,,,2.6695752987,,,,25,30,1,,3,,1,3,1,3.58468384258,21,How to impress others?, Show intelligence.,6
2070,20,L,,,,,2.6834660026,,,,25,30,1,,8,,1,3,1,1.61048374749,56,How to show humility?, Build muscles.,6
2070,21,R,,,,,1.83994741582,,,,25,30,1,,5,,1,3,1,2.47788757961,6,Why give applause?, Show appreciation.,2
2070,22,L,,,,,1.72462430065,,,,25,30,1,,2,,1,3,1,1.3071399007,27,Why teach a class?, Obey laws.,2
2070,23,L,,,,,1.29519124416,,,,25,30,1,,6,,1,3,1,1.29513800348,52,How to write a check?, Sign ones name.,4
2070,24,R,,,,,1.21256657577,,,,25,30,1,,4,,1,3,1,1.05577554369,31,How to write a song?, Play piano.,4
2070,25,L,,,,,2.17885710708,,,,25,30,1,,3,,1,3,1,1.4919839729,44,How to improve oneself?, Gain knowledge.,6
2070,26,R,,,,,1.55139944858,,,,25,30,1,,7,,1,3,1,1.15061208702,12,How to avoid boredom?, Entertain oneself.,6
2070,27,L,,,,,1.43623874647,,,,25,30,1,,5,,1,3,1,2.35384213751,15,How to write a poem?, Grab a pencil.,4
2070,28,L,,,,,2.75671635497,,,,25,30,1,,2,,1,3,1,2.80093860602,0,How to paint a picture?, Use a brush.,4
2070,29,R,,,,,1.1578471523,,,,25,30,1,,6,,1,3,1,2.26539538466,24,How to plan ahead?, Make a list.,5
2070,30,R,,,,,2.49516384669,,,,25,30,1,,9,,1,3,1,1.52370354333,9,How to express doubt?, Use scissors.,5
2070,31,R,,,,,1.32304823751,,,,25,30,1,,8,,1,3,1,2.2803360013,57,Why lift a glass?, Drink wine.,1
2070,32,L,,,,,2.48871813296,,,,25,30,1,,4,,1,3,1,1.37211185546,29,Why raise a hand?, Participate in class.,1
2070,33,L,,,,,2.09073707275,,,,25,30,1,,4,,1,3,1,2.00716187889,50,Why avoid diseases?, Live a long life.,3
2070,34,R,,,,,1.30559055468,,,,25,30,1,,1,,1,3,1,1.61838777494,59,Why entertain others?, Express a talent.,3
2070,35,L,,,,,1.13280904628,,,,25,30,1,,2,,1,3,1,4.51655073699,36,Why write a song?, Seek advice.,2
2070,36,R,,,,,3.44111268656,,,,25,30,1,,5,,1,3,1,1.42101695562,45,Why write a poem?, Express an idea.,2
2070,37,L,,,,,2.0266764877,,,,25,30,1,,3,,1,3,1,1.51188464874,23,How to feel connected?, Contact a friend.,6
2070,38,R,,,,,1.09331342871,,,,25,30,1,,8,,1,3,1,3.00934909938,38,How to spread joy?, Get a job.,6
2070,39,R,,,,,1.74941955081,,,,25,30,1,,9,,1,3,1,1.48698840078,4,Why open a bottle?, Consume medicine.,1
2070,40,R,,,,,2.06721934965,,,,25,30,1,,7,,1,3,1,1.95777944093,53,Why stir ingredients?, Mix a cocktail.,1
2070,41,L,,,,,2.87362175961,,,,25,30,1,,4,,1,3,1,1.445227981,37,Why make breakfast?, Satisfy hunger.,2
2070,42,L,,,,,1.36826459124,,,,25,30,1,,7,,1,3,1,1.94619442009,1,Why drink wine?, Consume alcohol.,2
2070,43,L,,,,,4.53922630974,,,,25,30,1,,6,,1,3,1,2.96368892379,3,How to make a phone call?, Dial numbers.,4
2070,44,R,,,,,1.84596580893,,,,25,30,1,,9,,1,3,1,1.75286709214,14,How to mix a cocktail?, Stir ingredients.,4
2070,45,L,,,,,1.18112564975,,,,25,30,1,,8,,1,3,1,1.29257736484,33,How to teach others?, Give a lecture.,5
2070,46,L,,,,,1.26035630992,,,,25,30,1,,2,,1,3,1,2.9459479582,19,How to make a purchase?, Go shopping.,5
2070,47,R,,,,,1.20726911773,,,,25,30,1,,5,,1,3,1,2.30680393608,46,Why make art?, Show creativity.,3
2070,48,R,,,,,3.07123423399,,,,25,30,1,,3,,1,3,1,1.393689809,18,Why provide food?, Help a person.,3
2070,49,L,,,,,2.21881705422,,,,25,30,1,,8,,1,3,1,1.87395143293,26,How to show creativity?, Make art.,6
2070,50,L,,,,,2.21694164272,,,,25,30,1,,2,,1,3,1,1.10112470387,30,How to feel well?, Reduce pain.,6
2070,51,L,,,,,1.82446537351,,,,25,30,1,,9,,1,3,1,2.29161875397,39,Why dial numbers?, Make a phone call.,1
2070,52,R,,,,,1.76435286174,,,,25,30,1,,6,,1,3,1,1.26462413683,41,Why take aspirin?, Serve alcohol.,1
2070,53,R,,,,,1.92928848277,,,,25,30,1,,3,,1,3,1,1.76136994336,16,How to make a donation?, Mix a cocktail.,5
2070,54,R,,,,,1.18715282591,,,,25,30,1,,7,,1,3,1,2.77159657914,49,How to attend a school?, Enter a classroom.,5
2070,55,L,,,,,1.62030067938,,,,25,30,1,,4,,1,3,1,1.46361705677,42,Why enter a classroom?, Attend a school.,2
2070,56,L,,,,,2.67837828051,,,,25,30,1,,5,,1,3,1,3.25503239043,55,Why dress formally?, Get a promotion.,2
2070,57,R,,,,,3.7585573014,,,,25,30,1,,8,,1,3,1,1.96580711915,7,How to prepare meals?, Follow recipes.,4
2070,58,R,,,,,2.08022734125,,,,25,30,1,,5,,1,3,1,1.77639245839,8,How to drink wine?, Open a bottle. ,4
2070,59,R,,,,,1.23421307435,,,,25,30,1,,2,,1,3,1,1.16997950838,58,Why show intelligence?, Impress others.,3
2070,60,L,,,,,1.85768764148,,,,25,30,1,,6,,1,3,1,3.04848573767,43,Why save money?, Get fit.,3
