Subject,Trial,SSonLorR,RT,startingK,endingK,TrialStart,ITI,choiceUp,choiceMade,TrialOver,SSamount,LLamount,Condition,Choice,SSdelay,LLdelay,salienceCondition,day,runid,TaskInterval,RewardTrialRanked,Construal_QuestionText,Construal_AnswerText,Construal_Condition
2024,1,L,,,,,2.05286117957,,,,,30,1,,5,90,0,3,2,1.12783043878,50,Why avoid diseases?, Live a long life.,3
2024,2,L,,,,,2.28873871145,,,,,36,1,,5,90,0,3,2,1.00126619321,31,Why hold a party?, Feel sociable.,3
2024,3,R,,,,,1.77748885012,,,,,33,1,,5,90,0,3,2,3.00230017516,28,How to make art?, Paint a picture.,5
2024,4,L,,,,,1.8714422573,,,,,32,1,,5,90,0,3,2,1.94574042606,9,How to satisfy hunger?, Make breakfast.,5
2024,5,L,,,,,4.03512325062,,,,,25,1,,5,90,0,3,2,1.39431644268,59,Why open a magazine?, Read articles.,1
2024,6,L,,,,,2.64044118632,,,,,22,1,,5,90,0,3,2,2.12844792191,10,Why lift a glass?, Drink wine.,1
2024,7,R,,,,,1.91337165121,,,,,34,1,,5,90,0,3,2,2.82118046302,16,How to paint a picture?, Use a brush.,4
2024,8,L,,,,,3.04149928258,,,,,31,1,,5,90,0,3,2,2.68266482876,35,How to write a poem?, Grab a pencil.,4
2024,9,R,,,,,1.39099372868,,,,,26,1,,5,90,0,3,2,1.14319295338,17,Why give applause?, Show appreciation.,2
2024,10,R,,,,,1.11032464711,,,,,39,1,,5,90,0,3,2,1.89639016211,57,Why read articles?, Gain knowledge.,2
2024,11,R,,,,,1.34604803081,,,,,28,1,,5,90,0,3,2,1.50127225373,0,How to show an ability?, Satisfy hunger.,6
2024,12,R,,,,,1.06821120504,,,,,20,1,,5,90,0,3,2,1.1606293584,12,How to satisfy a need?, Make a purchase.,6
2024,13,L,,,,,1.00727115114,,,,,38,1,,5,90,0,3,2,1.52915727635,45,Why follow recipes?, Prepare meals.,1
2024,14,R,,,,,1.28120861051,,,,,24,1,,5,90,0,3,2,1.56520976816,48,Why use a brush?, Paint a picture.,1
2024,15,L,,,,,1.37932604275,,,,,29,1,,5,90,0,3,2,4.74551717255,32,How to avoid boredom?, Entertain oneself.,6
2024,16,L,,,,,1.3772599439,,,,,27,1,,5,90,0,3,2,1.3761989055,55,How to support a cause?, Give to charity.,6
2024,17,L,,,,,1.3557364012,,,,,40,1,,5,90,0,3,2,1.44533130198,1,How to make a list?, Throw away trash.,4
2024,18,L,,,,,1.56636518909,,,,,23,1,,5,90,0,3,2,4.64716527433,40,How to read articles?, Open a magazine.,4
2024,19,R,,,,,1.51201071795,,,,,35,1,,5,90,0,3,2,1.35723860286,36,How to reduce pain?, Consume medicine.,5
2024,20,L,,,,,3.23558579126,,,,,21,1,,5,90,0,3,2,1.97475687118,53,How to express doubt?, Use scissors.,5
2024,21,R,,,,,2.10744950503,,,,,24,1,,5,90,0,3,2,1.70105272668,22,Why kill germs?, Avoid diseases.,2
2024,22,R,,,,,2.0041984648,,,,,31,1,,5,90,0,3,2,2.03683287352,38,Why clip coupons?, Save money.,2
2024,23,R,,,,,2.95725116212,,,,,40,1,,5,90,0,3,2,1.46810630335,51,Why show intelligence?, Impress others.,3
2024,24,R,,,,,4.25775667002,,,,,23,1,,5,90,0,3,2,2.46046064283,46,Why plan ahead?, Reduce worry.,3
2024,25,R,,,,,1.44264910195,,,,,36,1,,5,90,0,3,2,2.17598380362,27,Why write an email?, Send a message.,3
2024,26,R,,,,,5.82652946115,,,,,26,1,,5,90,0,3,2,1.28276606518,19,Why gain knowledge?, Improve oneself.,3
2024,27,L,,,,,1.1376547463,,,,,32,1,,5,90,0,3,2,1.11247254953,20,Why teach a class?, Obey laws.,2
2024,28,L,,,,,1.48203422824,,,,,29,1,,5,90,0,3,2,5.02476219489,41,Why watch television?, Show competence.,2
2024,29,L,,,,,1.27202363146,,,,,21,1,,5,90,0,3,2,1.56848138796,21,Why drink coffee?, Consume caffeine.,1
2024,30,R,,,,,1.22442840951,,,,,25,1,,5,90,0,3,2,1.13418889546,42,Why sign ones name?, Write a check.,1
2024,31,R,,,,,2.23953958731,,,,,28,1,,5,90,0,3,2,1.90512109491,2,How to give a lecture?, Brush ones hair.,4
2024,32,L,,,,,2.07687278109,,,,,27,1,,5,90,0,3,2,1.04977536702,33,How to drink wine?, Open a bottle. ,4
2024,33,R,,,,,2.18759085334,,,,,34,1,,5,90,0,3,2,3.42130923507,26,How to get a degree?, Attend a school.,6
2024,34,L,,,,,2.14103211914,,,,,33,1,,5,90,0,3,2,2.10805545163,6,How to feel productive?, Finish a job.,6
2024,35,R,,,,,1.3120520568,,,,,35,1,,5,90,0,3,2,2.32641361883,13,How to write an email?, Open a browser.,5
2024,36,L,,,,,1.01924669166,,,,,39,1,,5,90,0,3,2,1.29755958743,3,How to save money?, Clip coupons.,5
2024,37,L,,,,,2.13408045098,,,,,20,1,,5,90,0,3,2,1.60459449603,56,Why get a promotion?, Achieve success.,3
2024,38,R,,,,,1.15612999925,,,,,38,1,,5,90,0,3,2,1.85896022894,43,Why show appreciation?, Spread joy.,3
2024,39,L,,,,,2.0911407452,,,,,22,1,,5,90,0,3,2,3.72984259501,37,Why write a song?, Seek advice.,2
2024,40,R,,,,,2.57252397088,,,,,30,1,,5,90,0,3,2,1.63470249533,30,Why lift weights?, Build muscles.,2
2024,41,L,,,,,1.37749138894,,,,,38,1,,5,90,0,3,2,1.14856240501,54,Why wear ties?, Dress formally.,1
2024,42,R,,,,,3.25191775086,,,,,37,1,,5,90,0,3,2,2.06063004651,25,Why use a comb?, Write a song.,1
2024,43,R,,,,,3.43080528577,,,,,39,1,,5,90,0,3,2,1.6959287953,18,How to show appreciation?, Give applause.,5
2024,44,L,,,,,1.39460979657,,,,,36,1,,5,90,0,3,2,1.90725324384,49,How to entertain oneself?, Watch television.,5
2024,45,R,,,,,1.40548458989,,,,,20,1,,5,90,0,3,2,2.31392843797,14,How to clip coupons?, Cut paper.,4
2024,46,L,,,,,2.0001376054,,,,,23,1,,5,90,0,3,2,1.61775417711,58,How to kill germs?, Wash ones hands.,4
2024,47,L,,,,,2.38437468659,,,,,25,1,,5,90,0,3,2,1.976673122,24,How to improve oneself?, Gain knowledge.,6
2024,48,R,,,,,1.08912797643,,,,,27,1,,5,90,0,3,2,1.86960688212,8,How to show humility?, Build muscles.,6
2024,49,L,,,,,2.79346776293,,,,,29,1,,5,90,0,3,2,1.24638433165,7,Why turn a doorknob?, Enter a classroom.,1
2024,50,R,,,,,1.61634101219,,,,,22,1,,5,90,0,3,2,1.68763089635,44,Why wash ones hands?, Kill germs.,1
2024,51,L,,,,,1.2567751649,,,,,34,1,,5,90,0,3,2,1.37339711348,4,Why show courtesy?, Make a friend.,3
2024,52,L,,,,,1.94805139615,,,,,31,1,,5,90,0,3,2,2.01986438591,29,Why provide food?, Help a person.,3
2024,53,R,,,,,2.94854217817,,,,,35,1,,5,90,0,3,2,2.13486117719,34,How to impress others?, Show intelligence.,6
2024,54,R,,,,,1.5109975456,,,,,26,1,,5,90,0,3,2,3.21491321269,47,How to avoid mistakes?, Obey laws.,6
2024,55,L,,,,,1.48482872309,,,,,24,1,,5,90,0,3,2,1.70398704694,15,Why paint a picture?, Make art.,2
2024,56,R,,,,,2.29467513368,,,,,32,1,,5,90,0,3,2,2.57482573402,23,Why make a list?, Plan ahead.,2
2024,57,R,,,,,2.56181804616,,,,,30,1,,5,90,0,3,2,1.12086673821,52,How to contact a friend?, Make a phone call.,5
2024,58,L,,,,,1.03954307242,,,,,40,1,,5,90,0,3,2,4.24975162153,39,How to gain knowledge?, Read articles.,5
2024,59,L,,,,,2.29667800646,,,,,21,1,,5,90,0,3,2,1.22518093337,5,How to dress formally?, Wear ties. ,4
2024,60,R,,,,,1.66646254774,,,,,33,1,,5,90,0,3,2,1.67995096392,11,How to take a picture?, Point a camera.,4
