Subject,Trial,SSonLorR,RT,startingK,endingK,TrialStart,ITI,choiceUp,choiceMade,TrialOver,SSamount,LLamount,Condition,Choice,SSdelay,LLdelay,salienceCondition,day,runid,TaskInterval,RewardTrialRanked,Construal_QuestionText,Construal_AnswerText,Construal_Condition
2136,1,L,,,,,5.83930653735,,,,25,30,1,,4,,1,3,3,0.753879310511,0,,,
2136,2,R,,,,,1.26194333694,,,,25,30,1,,9,,1,3,3,0.750018754019,2,,,
2136,3,R,,,,,0.569275595771,,,,25,30,1,,8,,1,3,3,2.31599531194,1,,,
2136,4,L,,,,,0.650230059208,,,,25,30,1,,2,,1,3,3,0.860356274671,3,,,
