Subject,Trial,SSonLorR,RT,startingK,endingK,TrialStart,ITI,choiceUp,choiceMade,TrialOver,SSamount,LLamount,Condition,Choice,SSdelay,LLdelay,salienceCondition,day,runid,TaskInterval,RewardTrialRanked,Construal_QuestionText,Construal_AnswerText,Construal_Condition
2124,1,L,,,,,3.1067574128,,,,25,30,1,,7,,1,2,1,2.74239628666,1,Why click a mouse?, Open a browser.,1
2124,2,L,,,,,2.15367763236,,,,25,30,1,,9,,1,2,1,2.6587248853,13,Why open a magazine?, Read articles.,1
2124,3,L,,,,,1.13059568576,,,,25,30,1,,3,,1,2,1,1.16085501846,16,How to write a check?, Sign ones name.,4
2124,4,R,,,,,1.03623085567,,,,25,30,1,,4,,1,2,1,2.10638872369,51,How to mix a cocktail?, Stir ingredients.,4
2124,5,R,,,,,1.12791731906,,,,25,30,1,,6,,1,2,1,2.77946642358,23,Why take a picture?, Keep a memory.,2
2124,6,R,,,,,1.05080932899,,,,25,30,1,,1,,1,2,1,1.33685122777,25,Why teach a class?, Obey laws.,2
2124,7,L,,,,,2.08657128302,,,,25,30,1,,2,,1,2,1,2.6030663836,53,How to show humility?, Build muscles.,6
2124,8,R,,,,,2.59690821129,,,,25,30,1,,5,,1,2,1,1.21624986886,19,How to improve oneself?, Gain knowledge.,6
2124,9,R,,,,,3.85307677514,,,,25,30,1,,9,,1,2,1,1.21812548229,15,How to give to charity?, Use a camera.,5
2124,10,R,,,,,1.29100292032,,,,25,30,1,,4,,1,2,1,2.22475522143,58,How to attend a school?, Enter a classroom.,5
2124,11,R,,,,,1.21274920809,,,,25,30,1,,1,,1,2,1,1.24240105855,8,Why reduce pain?, Feel well.,3
2124,12,L,,,,,1.90716871674,,,,25,30,1,,7,,1,2,1,1.34202442376,27,Why make art?, Show creativity.,3
2124,13,R,,,,,1.17886488705,,,,25,30,1,,3,,1,2,1,1.52619686832,7,Why turn a doorknob?, Enter a classroom.,1
2124,14,L,,,,,1.21197617423,,,,25,30,1,,8,,1,2,1,4.03277802032,0,Why clap hands?, Give applause.,1
2124,15,L,,,,,1.25925510975,,,,25,30,1,,2,,1,2,1,1.24933305178,57,How to feel sociable?, Hold a party.,6
2124,16,R,,,,,1.60846876633,,,,25,30,1,,6,,1,2,1,1.36575628405,47,How to show intellect?, Share ideas.,6
2124,17,R,,,,,1.54656517296,,,,25,30,1,,6,,1,2,1,2.78909256532,24,How to consume alcohol?, Drink wine.,5
2124,18,R,,,,,5.28313774516,,,,25,30,1,,8,,1,2,1,1.14675347603,14,How to write an email?, Open a browser.,5
2124,19,L,,,,,3.57170850326,,,,25,30,1,,1,,1,2,1,1.47595699178,22,How to participate in class?, Raise a hand.,4
2124,20,R,,,,,1.33333546881,,,,25,30,1,,5,,1,2,1,3.36338682206,30,How to go shopping?, Use credit cards.,4
2124,21,L,,,,,1.49388989958,,,,25,30,1,,3,,1,2,1,4.22708852136,29,Why avoid diseases?, Live a long life.,3
2124,22,L,,,,,1.93283325787,,,,25,30,1,,7,,1,2,1,1.57847523317,12,Why save money?, Get fit.,3
2124,23,L,,,,,2.96160374094,,,,25,30,1,,9,,1,2,1,1.35648484721,28,Why drink wine?, Consume alcohol.,2
2124,24,L,,,,,1.5818974763,,,,25,30,1,,4,,1,2,1,1.30665766398,49,Why write a song?, Seek advice.,2
2124,25,R,,,,,1.90277034721,,,,25,30,1,,7,,1,2,1,1.9136710465,4,How to support a cause?, Give to charity.,6
2124,26,L,,,,,1.42917383873,,,,25,30,1,,5,,1,2,1,1.43275754639,35,How to satisfy a need?, Make a purchase.,6
2124,27,R,,,,,2.07868724998,,,,25,30,1,,3,,1,2,1,2.8140105613,39,Why provide food?, Help a person.,3
2124,28,L,,,,,1.74780520051,,,,25,30,1,,1,,1,2,1,2.80997551967,41,Why share ideas?, Show intellect.,3
2124,29,R,,,,,3.55182923616,,,,25,30,1,,4,,1,2,1,1.16609413937,33,Why follow recipes?, Prepare meals.,1
2124,30,L,,,,,1.53605813681,,,,25,30,1,,8,,1,2,1,1.61804825519,45,Why lift a glass?, Drink wine.,1
2124,31,L,,,,,1.44631820167,,,,25,30,1,,2,,1,2,1,3.25578545149,42,Why give applause?, Show appreciation.,2
2124,32,L,,,,,2.98762130869,,,,25,30,1,,6,,1,2,1,1.62811007763,37,Why participate in class?, Show intelligence.,2
2124,33,R,,,,,1.9815701268,,,,25,30,1,,4,,1,2,1,1.3481009693,36,How to lift weights?, Fasten seatbelt.,4
2124,34,R,,,,,1.74628861587,,,,25,30,1,,5,,1,2,1,1.16837411734,6,How to make a phone call?, Dial numbers.,4
2124,35,R,,,,,3.14486975783,,,,25,30,1,,3,,1,2,1,1.66699316841,59,How to avoid diseases?, Kill germs.,5
2124,36,L,,,,,1.33697000723,,,,25,30,1,,9,,1,2,1,3.63539651841,54,How to reduce pain?, Consume medicine.,5
2124,37,R,,,,,1.24680848478,,,,25,30,1,,1,,1,2,1,1.5575400334,46,How to read articles?, Open a magazine.,4
2124,38,R,,,,,1.55898403862,,,,25,30,1,,8,,1,2,1,1.10548836043,3,How to consume medicine?, Take pills. ,4
2124,39,L,,,,,2.35832751019,,,,25,30,1,,2,,1,2,1,1.73984702428,5,How to live a long life?, Avoid diseases.,6
2124,40,L,,,,,3.57057588602,,,,25,30,1,,7,,1,2,1,1.30545460936,17,How to show an ability?, Satisfy hunger.,6
2124,41,L,,,,,1.71714247756,,,,25,30,1,,2,,1,2,1,1.74551208606,44,Why wear ties?, Dress formally.,1
2124,42,R,,,,,1.19132356393,,,,25,30,1,,8,,1,2,1,3.19040464399,32,Why drink coffee?, Consume caffeine.,1
2124,43,L,,,,,2.01405860105,,,,25,30,1,,1,,1,2,1,3.59344004954,52,Why entertain others?, Express a talent.,3
2124,44,L,,,,,1.07794712346,,,,25,30,1,,7,,1,2,1,1.12572827626,10,Why satisfy hunger?, Show an ability.,3
2124,45,R,,,,,2.14307481935,,,,25,30,1,,3,,1,2,1,3.54759654816,34,Why enter a classroom?, Attend a school.,2
2124,46,L,,,,,3.23466545667,,,,25,30,1,,4,,1,2,1,1.34516566506,38,Why open a browser?, Write an email.,2
2124,47,R,,,,,2.23583171991,,,,25,30,1,,9,,1,2,1,1.37924839018,55,How to entertain oneself?, Watch television.,5
2124,48,R,,,,,1.95308777759,,,,25,30,1,,6,,1,2,1,1.50048027666,48,How to show appreciation?, Give applause.,5
2124,49,L,,,,,3.37336250897,,,,25,30,1,,1,,1,2,1,1.17757633871,18,Why gain knowledge?, Improve oneself.,3
2124,50,R,,,,,2.38809587639,,,,25,30,1,,9,,1,2,1,1.61924290601,56,Why build muscles?, Show humility.,3
2124,51,R,,,,,1.4804178535,,,,25,30,1,,7,,1,2,1,2.73180383733,43,Why take aspirin?, Serve alcohol.,1
2124,52,L,,,,,1.45230432437,,,,25,30,1,,4,,1,2,1,2.46501355125,2,Why use chalk?, Get fit.,1
2124,53,R,,,,,1.84043636363,,,,25,30,1,,8,,1,2,1,1.60519561878,40,How to impress others?, Show intelligence.,6
2124,54,L,,,,,1.60653979108,,,,25,30,1,,6,,1,2,1,3.49895399636,31,How to express a talent?, Entertain others.,6
2124,55,R,,,,,2.13013955954,,,,25,30,1,,5,,1,2,1,2.06337245928,26,Why read articles?, Gain knowledge.,2
2124,56,L,,,,,1.04379896093,,,,25,30,1,,2,,1,2,1,1.83519318412,11,Why dress formally?, Get a promotion.,2
2124,57,L,,,,,1.88935935216,,,,25,30,1,,9,,1,2,1,1.22430782403,21,How to dress formally?, Wear ties. ,4
2124,58,R,,,,,1.85540985245,,,,25,30,1,,3,,1,2,1,2.02626645147,50,How to take a picture?, Point a camera.,4
2124,59,L,,,,,2.35361103366,,,,25,30,1,,8,,1,2,1,1.11701429466,9,How to plan ahead?, Make a list.,5
2124,60,R,,,,,2.25496402113,,,,25,30,1,,4,,1,2,1,2.43784956345,20,How to satisfy hunger?, Make breakfast.,5
