Subject,Trial,SSonLorR,RT,startingK,endingK,TrialStart,ITI,choiceUp,choiceMade,TrialOver,SSamount,LLamount,Condition,Choice,SSdelay,LLdelay,salienceCondition,day,runid,TaskInterval,RewardTrialRanked,Construal_QuestionText,Construal_AnswerText,Construal_Condition
2001,1,R,,,,,1.05446892356,,,,,20,1,,5,90,0,2,1,2.41352172905,57,How to consume medicine?, Take pills. ,4
2001,2,R,,,,,1.86937960354,,,,,39,1,,5,90,0,2,1,2.50846195534,50,How to watch television?, Use a remote.,4
2001,3,L,,,,,1.72458047682,,,,,24,1,,5,90,0,2,1,2.74229327772,23,How to express doubt?, Use scissors.,5
2001,4,R,,,,,2.21357764124,,,,,36,1,,5,90,0,2,1,1.70306409497,41,How to build muscles?, Lift weights.,5
2001,5,L,,,,,2.43760781546,,,,,21,1,,5,90,0,2,1,1.94277955339,48,Why attend a school?, Get a degree.,3
2001,6,R,,,,,2.76886732306,,,,,29,1,,5,90,0,2,1,1.19744041975,32,Why entertain others?, Express a talent.,3
2001,7,R,,,,,1.3167410501,,,,,25,1,,5,90,0,2,1,1.0693066955,46,Why write a song?, Seek advice.,2
2001,8,L,,,,,2.07522484703,,,,,35,1,,5,90,0,2,1,2.85521410314,35,Why participate in class?, Show intelligence.,2
2001,9,L,,,,,1.57124741123,,,,,38,1,,5,90,0,2,1,1.64478437133,8,Why use a remote?, Watch television.,1
2001,10,R,,,,,1.79824129414,,,,,27,1,,5,90,0,2,1,2.48717306126,2,Why click a mouse?, Open a browser.,1
2001,11,R,,,,,2.49655575309,,,,,30,1,,5,90,0,2,1,2.22665331015,58,How to support a cause?, Give to charity.,6
2001,12,L,,,,,1.27814539567,,,,,26,1,,5,90,0,2,1,1.33420914028,36,How to spread joy?, Get a job.,6
2001,13,R,,,,,1.69805152235,,,,,28,1,,5,90,0,2,1,3.7110659741,4,Why follow recipes?, Prepare meals.,1
2001,14,L,,,,,1.71734416823,,,,,31,1,,5,90,0,2,1,3.27662533961,54,Why cut paper?, Clip coupons.,1
2001,15,L,,,,,1.23069025964,,,,,37,1,,5,90,0,2,1,2.27001690751,20,Why enter a classroom?, Attend a school.,2
2001,16,R,,,,,2.0961794223,,,,,23,1,,5,90,0,2,1,2.89809184566,52,Why watch television?, Show competence.,2
2001,17,L,,,,,1.87799833501,,,,,22,1,,5,90,0,2,1,1.93760069725,31,How to go shopping?, Use credit cards.,4
2001,18,L,,,,,2.21117347475,,,,,34,1,,5,90,0,2,1,1.74528706711,49,How to make breakfast?, Crack eggs.,4
2001,19,L,,,,,2.32997147121,,,,,40,1,,5,90,0,2,1,1.07465424101,6,How to feel nostalgia?, Keep a memory.,6
2001,20,R,,,,,1.22198130076,,,,,33,1,,5,90,0,2,1,1.28869759481,42,How to get a degree?, Attend a school.,6
2001,21,L,,,,,1.65689726307,,,,,21,1,,5,90,0,2,1,1.43915190236,40,How to attend a school?, Enter a classroom.,5
2001,22,R,,,,,2.11669168984,,,,,27,1,,5,90,0,2,1,1.46630391061,53,How to teach others?, Give a lecture.,5
2001,23,R,,,,,1.40432222628,,,,,36,1,,5,90,0,2,1,1.57302924385,51,Why reduce pain?, Feel well.,3
2001,24,L,,,,,5.62812191121,,,,,29,1,,5,90,0,2,1,1.06679867271,26,Why show courtesy?, Make a friend.,3
2001,25,L,,,,,2.75514905741,,,,,31,1,,5,90,0,2,1,2.27344189314,59,How to clip coupons?, Cut paper.,4
2001,26,L,,,,,1.03197238084,,,,,22,1,,5,90,0,2,1,1.57794746717,9,How to open a browser?, Click a mouse.,4
2001,27,R,,,,,2.13495066573,,,,,40,1,,5,90,0,2,1,1.7926688466,45,Why satisfy hunger?, Show an ability.,3
2001,28,R,,,,,1.21207592134,,,,,24,1,,5,90,0,2,1,3.88406159354,12,Why plan ahead?, Reduce worry.,3
2001,29,L,,,,,3.34758065068,,,,,32,1,,5,90,0,2,1,1.25953930073,56,Why use a camera?, Give to charity.,2
2001,30,R,,,,,2.50132464261,,,,,25,1,,5,90,0,2,1,2.11154326759,37,Why dress formally?, Get a promotion.,2
2001,31,R,,,,,1.30369557858,,,,,35,1,,5,90,0,2,1,1.73440661105,5,How to spread knowledge?, Teach others.,6
2001,32,R,,,,,2.08797835963,,,,,33,1,,5,90,0,2,1,1.13988170291,17,How to avoid mistakes?, Obey laws.,6
2001,33,R,,,,,1.14413283786,,,,,39,1,,5,90,0,2,1,1.84659430761,24,Why crack eggs?, Make breakfast.,1
2001,34,L,,,,,1.25949773156,,,,,38,1,,5,90,0,2,1,2.24156452799,0,Why raise a hand?, Participate in class.,1
2001,35,L,,,,,1.51219102876,,,,,34,1,,5,90,0,2,1,1.35824174114,55,How to satisfy hunger?, Make breakfast.,5
2001,36,L,,,,,4.06324020992,,,,,23,1,,5,90,0,2,1,3.19874024229,18,How to show intelligence?, Participate in class.,5
2001,37,R,,,,,1.46752990231,,,,,26,1,,5,90,0,2,1,1.93554319981,25,How to lift weights?, Fasten seatbelt.,4
2001,38,R,,,,,3.49280865555,,,,,28,1,,5,90,0,2,1,2.29880092154,28,How to dress formally?, Wear ties. ,4
2001,39,R,,,,,1.18057775514,,,,,30,1,,5,90,0,2,1,1.1618434183,47,Why get a promotion?, Achieve success.,3
2001,40,L,,,,,2.10985127663,,,,,37,1,,5,90,0,2,1,2.34236858064,33,Why finish a job?, Feel productive.,3
2001,41,L,,,,,1.54983780649,,,,,32,1,,5,90,0,2,1,1.45659620326,19,How to feel secure?, Save money.,6
2001,42,L,,,,,1.35014787026,,,,,34,1,,5,90,0,2,1,1.96518668872,29,How to feel productive?, Finish a job.,6
2001,43,R,,,,,1.08063049267,,,,,33,1,,5,90,0,2,1,5.5976556768,44,Why drink coffee?, Consume caffeine.,1
2001,44,L,,,,,2.35937467834,,,,,24,1,,5,90,0,2,1,1.12065609271,38,Why take aspirin?, Serve alcohol.,1
2001,45,L,,,,,1.66760216862,,,,,37,1,,5,90,0,2,1,1.60429144589,16,How to contact a friend?, Make a phone call.,5
2001,46,R,,,,,1.85372561934,,,,,29,1,,5,90,0,2,1,1.39779658666,1,How to show appreciation?, Give applause.,5
2001,47,L,,,,,2.2382166461,,,,,36,1,,5,90,0,2,1,1.1913633412,3,Why drink wine?, Consume alcohol.,2
2001,48,R,,,,,2.93813085528,,,,,26,1,,5,90,0,2,1,1.46582929948,22,Why make breakfast?, Satisfy hunger.,2
2001,49,R,,,,,2.6476657282,,,,,30,1,,5,90,0,2,1,1.5382488594,39,How to write an email?, Open a browser.,5
2001,50,R,,,,,1.6487301379,,,,,35,1,,5,90,0,2,1,2.60118574831,34,How to make a purchase?, Go shopping.,5
2001,51,L,,,,,1.07944890635,,,,,22,1,,5,90,0,2,1,3.01031851617,7,Why consume caffeine?, Stay alert.,2
2001,52,L,,,,,1.91434420628,,,,,21,1,,5,90,0,2,1,1.36705341442,13,Why consume medicine?, Reduce pain.,2
2001,53,L,,,,,1.78632576618,,,,,27,1,,5,90,0,2,1,1.40246688942,27,Why wash ones hands?, Kill germs.,1
2001,54,R,,,,,4.18248581345,,,,,39,1,,5,90,0,2,1,1.28716748249,11,Why stir ingredients?, Mix a cocktail.,1
2001,55,R,,,,,1.24294024588,,,,,31,1,,5,90,0,2,1,1.52649136182,21,Why share ideas?, Show intellect.,3
2001,56,L,,,,,2.31357004791,,,,,28,1,,5,90,0,2,1,3.60997032805,14,Why avoid diseases?, Live a long life.,3
2001,57,L,,,,,1.0947979702,,,,,40,1,,5,90,0,2,1,2.3504716864,15,How to mix a cocktail?, Stir ingredients.,4
2001,58,R,,,,,1.29510004841,,,,,23,1,,5,90,0,2,1,1.14904737613,10,How to write a check?, Sign ones name.,4
2001,59,L,,,,,2.32965018815,,,,,25,1,,5,90,0,2,1,1.93862595131,30,How to achieve success?, Get a promotion.,6
2001,60,R,,,,,3.76892348547,,,,,20,1,,5,90,0,2,1,2.42159772276,43,How to show cleanliness?, Write an email.,6
