Subject,Trial,SSonLorR,RT,startingK,endingK,TrialStart,ITI,choiceUp,choiceMade,TrialOver,SSamount,LLamount,Condition,Choice,SSdelay,LLdelay,salienceCondition,day,runid,TaskInterval,RewardTrialRanked,Construal_QuestionText,Construal_AnswerText,Construal_Condition
2079,1,R,,,,,1.69117519413,,,,25,30,1,,9,,1,3,2,1.33368298786,14,Why show competence?, Pass the time.,3
2079,2,R,,,,,1.6570317461,,,,25,30,1,,3,,1,3,2,2.38485244447,20,Why plan ahead?, Reduce worry.,3
2079,3,L,,,,,2.31640127854,,,,25,30,1,,6,,1,3,2,1.4788110433,16,Why use a comb?, Write a song.,1
2079,4,L,,,,,2.09923300796,,,,25,30,1,,5,,1,3,2,1.27875673093,55,Why dial numbers?, Make a phone call.,1
2079,5,R,,,,,1.41443643523,,,,25,30,1,,7,,1,3,2,1.04099323026,30,Why use a camera?, Give to charity.,2
2079,6,R,,,,,2.07659280598,,,,25,30,1,,2,,1,3,2,2.34090344251,29,Why consume medicine?, Reduce pain.,2
2079,7,L,,,,,1.29158602837,,,,25,30,1,,1,,1,3,2,4.46634361081,25,How to kill germs?, Wash ones hands.,4
2079,8,L,,,,,2.30953390758,,,,25,30,1,,8,,1,3,2,1.17829314468,8,How to clip coupons?, Cut paper.,4
2079,9,L,,,,,2.97965785647,,,,25,30,1,,6,,1,3,2,2.44668367315,13,How to satisfy a need?, Make a purchase.,6
2079,10,R,,,,,1.86607938118,,,,25,30,1,,2,,1,3,2,1.94705879597,36,How to spread joy?, Get a job.,6
2079,11,L,,,,,1.63661765498,,,,25,30,1,,4,,1,3,2,2.86153993572,58,How to avoid diseases?, Kill germs.,5
2079,12,R,,,,,1.54833462052,,,,25,30,1,,3,,1,3,2,1.31380087465,59,How to show appreciation?, Give applause.,5
2079,13,L,,,,,1.04237759825,,,,25,30,1,,7,,1,3,2,1.66184121563,18,How to show creativity?, Make art.,6
2079,14,R,,,,,2.58549202184,,,,25,30,1,,9,,1,3,2,3.89479335746,35,How to express a talent?, Entertain others.,6
2079,15,R,,,,,2.62786474189,,,,25,30,1,,8,,1,3,2,3.69636626242,32,Why give a lecture?, Teach others.,2
2079,16,R,,,,,1.7998466732,,,,25,30,1,,5,,1,3,2,1.15721502458,33,Why drink wine?, Consume alcohol.,2
2079,17,L,,,,,4.38542216427,,,,25,30,1,,4,,1,3,2,1.58013374081,21,Why open a bottle?, Consume medicine.,1
2079,18,R,,,,,1.93845974982,,,,25,30,1,,7,,1,3,2,2.08934111675,39,Why cut paper?, Clip coupons.,1
2079,19,R,,,,,2.30893338193,,,,25,30,1,,3,,1,3,2,1.31768199002,27,How to go shopping?, Use credit cards.,4
2079,20,L,,,,,1.8944323647,,,,25,30,1,,5,,1,3,2,1.40346918212,46,How to write a poem?, Grab a pencil.,4
2079,21,L,,,,,1.0112003366,,,,25,30,1,,9,,1,3,2,2.89194678223,50,Why show intelligence?, Impress others.,3
2079,22,L,,,,,2.84796006574,,,,25,30,1,,6,,1,3,2,1.39457876383,3,Why satisfy hunger?, Show an ability.,3
2079,23,L,,,,,1.25662361825,,,,25,30,1,,1,,1,3,2,1.92113082345,40,How to save money?, Clip coupons.,5
2079,24,R,,,,,2.13171217538,,,,25,30,1,,2,,1,3,2,1.5650192727,2,How to reduce pain?, Consume medicine.,5
2079,25,L,,,,,1.33900774173,,,,25,30,1,,5,,1,3,2,1.08539114881,54,How to avoid mistakes?, Obey laws.,6
2079,26,R,,,,,1.04158057051,,,,25,30,1,,8,,1,3,2,1.12256963168,24,How to avoid boredom?, Entertain oneself.,6
2079,27,R,,,,,2.37649403994,,,,25,30,1,,7,,1,3,2,1.98434322781,23,How to consume medicine?, Take pills. ,4
2079,28,L,,,,,2.19458966435,,,,25,30,1,,2,,1,3,2,2.42357363701,52,How to write a check?, Sign ones name.,4
2079,29,R,,,,,2.58083819774,,,,25,30,1,,3,,1,3,2,1.16774176682,12,Why make a list?, Plan ahead.,2
2079,30,L,,,,,1.52285731951,,,,25,30,1,,1,,1,3,2,2.77193464372,34,Why write a poem?, Express an idea.,2
2079,31,R,,,,,1.77750423849,,,,25,30,1,,6,,1,3,2,1.61361526026,11,How to show intelligence?, Participate in class.,5
2079,32,R,,,,,5.16524121642,,,,25,30,1,,9,,1,3,2,1.81933744796,26,How to provide food?, Prepare meals.,5
2079,33,L,,,,,1.10755152288,,,,25,30,1,,2,,1,3,2,1.72654673574,7,Why provide food?, Help a person.,3
2079,34,R,,,,,1.4791562268,,,,25,30,1,,3,,1,3,2,1.77209605923,6,Why show courtesy?, Make a friend.,3
2079,35,L,,,,,1.59772724807,,,,25,30,1,,6,,1,3,2,1.89657264754,9,Why follow recipes?, Prepare meals.,1
2079,36,L,,,,,1.63897793686,,,,25,30,1,,8,,1,3,2,3.1555309516,4,Why turn a doorknob?, Enter a classroom.,1
2079,37,R,,,,,3.04560114073,,,,25,30,1,,5,,1,3,2,1.68124155079,22,Why use a remote?, Watch television.,1
2079,38,R,,,,,1.73030610313,,,,25,30,1,,4,,1,3,2,2.3686080463,37,Why use a brush?, Paint a picture.,1
2079,39,L,,,,,1.20739231558,,,,25,30,1,,1,,1,3,2,1.6523156112,49,How to consume caffeine?, Press buttons.,4
2079,40,L,,,,,1.12072637048,,,,25,30,1,,9,,1,3,2,1.01931762932,48,How to read articles?, Open a magazine.,4
2079,41,R,,,,,1.39605748517,,,,25,30,1,,5,,1,3,2,3.36245605618,44,Why reduce pain?, Feel well.,3
2079,42,L,,,,,2.69877201503,,,,25,30,1,,9,,1,3,2,2.01651455721,57,Why get a promotion?, Achieve success.,3
2079,43,L,,,,,1.31829334624,,,,25,30,1,,2,,1,3,2,2.48502391291,47,Why enter a classroom?, Attend a school.,2
2079,44,R,,,,,2.22710309125,,,,25,30,1,,8,,1,3,2,1.81147965355,42,Why go shopping?, Make a purchase.,2
2079,45,R,,,,,2.22277718677,,,,25,30,1,,3,,1,3,2,4.06647968535,53,How to entertain others?, Write a song.,5
2079,46,R,,,,,1.41963375096,,,,25,30,1,,6,,1,3,2,2.11898906631,45,How to make a donation?, Mix a cocktail.,5
2079,47,L,,,,,3.55810893996,,,,25,30,1,,1,,1,3,2,1.95896565376,28,How to feel nostalgia?, Keep a memory.,6
2079,48,L,,,,,1.11688897393,,,,25,30,1,,7,,1,3,2,1.07248513557,51,How to show humility?, Build muscles.,6
2079,49,L,,,,,4.35694144477,,,,25,30,1,,4,,1,3,2,1.15913084228,5,How to improve oneself?, Gain knowledge.,6
2079,50,R,,,,,1.84596534215,,,,25,30,1,,8,,1,3,2,2.03642781474,0,How to show intellect?, Share ideas.,6
2079,51,R,,,,,1.17981329617,,,,25,30,1,,2,,1,3,2,2.24471210123,38,Why give applause?, Show appreciation.,2
2079,52,R,,,,,1.35852036446,,,,25,30,1,,7,,1,3,2,2.85350520411,43,Why take a picture?, Keep a memory.,2
2079,53,L,,,,,2.0623447555,,,,25,30,1,,6,,1,3,2,1.44038956772,56,How to express doubt?, Use scissors.,5
2079,54,L,,,,,2.14231102459,,,,25,30,1,,9,,1,3,2,1.78482258532,10,How to consume alcohol?, Drink wine.,5
2079,55,R,,,,,1.16387482713,,,,25,30,1,,3,,1,3,2,3.24716190035,1,How to drink wine?, Open a bottle. ,4
2079,56,L,,,,,1.23850379956,,,,25,30,1,,5,,1,3,2,1.55543381996,41,How to paint a picture?, Use a brush.,4
2079,57,R,,,,,2.6695874386,,,,25,30,1,,1,,1,3,2,2.3396870275,15,Why write an email?, Send a message.,3
2079,58,L,,,,,1.87985233683,,,,25,30,1,,4,,1,3,2,1.7205662877,31,Why gain knowledge?, Improve oneself.,3
2079,59,R,,,,,1.73127772656,,,,25,30,1,,7,,1,3,2,1.52907295661,19,Why wash ones hands?, Kill germs.,1
2079,60,L,,,,,3.26962571296,,,,25,30,1,,6,,1,3,2,1.26301178181,17,Why sign ones name?, Write a check.,1
