Subject,Trial,SSonLorR,RT,startingK,endingK,TrialStart,ITI,choiceUp,choiceMade,TrialOver,SSamount,LLamount,Condition,Choice,SSdelay,LLdelay,salienceCondition,day,runid,TaskInterval,RewardTrialRanked,Construal_QuestionText,Construal_AnswerText,Construal_Condition
2155,1,L,,,,,1.55947341672,,,,,36,1,,5,90,0,3,1,1.09587051538,34,Why drink coffee?, Consume caffeine.,1
2155,2,R,,,,,3.07417551607,,,,,32,1,,5,90,0,3,1,1.53485421839,11,Why take aspirin?, Serve alcohol.,1
2155,3,L,,,,,2.01554524199,,,,,33,1,,5,90,0,3,1,1.22396793834,2,How to avoid mistakes?, Obey laws.,6
2155,4,L,,,,,2.16124392726,,,,,28,1,,5,90,0,3,1,2.79246867182,16,How to improve oneself?, Gain knowledge.,6
2155,5,L,,,,,2.30100546958,,,,,20,1,,5,90,0,3,1,1.78467200563,5,Why read articles?, Gain knowledge.,2
2155,6,R,,,,,1.59397259811,,,,,38,1,,5,90,0,3,1,1.35051142752,42,Why use a camera?, Give to charity.,2
2155,7,R,,,,,1.15029445031,,,,,37,1,,5,90,0,3,1,4.54590977834,55,Why share ideas?, Show intellect.,3
2155,8,L,,,,,4.14780851992,,,,,26,1,,5,90,0,3,1,1.29817406185,30,Why entertain others?, Express a talent.,3
2155,9,L,,,,,1.18501538349,,,,,23,1,,5,90,0,3,1,2.25900327595,14,How to plan ahead?, Make a list.,5
2155,10,L,,,,,1.37027423961,,,,,29,1,,5,90,0,3,1,2.06708215442,58,How to entertain oneself?, Watch television.,5
2155,11,R,,,,,1.72590170265,,,,,35,1,,5,90,0,3,1,1.59606820028,48,How to make breakfast?, Crack eggs.,4
2155,12,R,,,,,1.01301139008,,,,,34,1,,5,90,0,3,1,1.22320829344,17,How to mix a cocktail?, Stir ingredients.,4
2155,13,R,,,,,4.5764542016,,,,,39,1,,5,90,0,3,1,3.68087220205,18,Why use chalk?, Get fit.,1
2155,14,L,,,,,1.69252145721,,,,,27,1,,5,90,0,3,1,1.68371975476,33,Why clap hands?, Give applause.,1
2155,15,R,,,,,2.11694917697,,,,,30,1,,5,90,0,3,1,1.58784049326,54,How to participate in class?, Raise a hand.,4
2155,16,L,,,,,3.13376883827,,,,,31,1,,5,90,0,3,1,1.63628412399,38,How to read articles?, Open a magazine.,4
2155,17,R,,,,,1.3217612586,,,,,21,1,,5,90,0,3,1,2.19737818143,52,How to spread knowledge?, Teach others.,6
2155,18,R,,,,,1.42487107011,,,,,25,1,,5,90,0,3,1,2.31569604796,37,How to feel well?, Reduce pain.,6
2155,19,L,,,,,1.00279769866,,,,,22,1,,5,90,0,3,1,1.50061724325,8,Why open a browser?, Write an email.,2
2155,20,R,,,,,1.04649238892,,,,,40,1,,5,90,0,3,1,1.90116571815,15,Why make breakfast?, Satisfy hunger.,2
2155,21,L,,,,,1.34300600131,,,,,27,1,,5,90,0,3,1,4.22622869057,10,Why hold a party?, Feel sociable.,3
2155,22,L,,,,,2.10973934975,,,,,35,1,,5,90,0,3,1,1.59854995846,36,Why save money?, Get fit.,3
2155,23,R,,,,,1.33517571134,,,,,32,1,,5,90,0,3,1,1.36948245835,23,How to show appreciation?, Give applause.,5
2155,24,R,,,,,2.79251760544,,,,,31,1,,5,90,0,3,1,1.06431900395,26,How to make art?, Paint a picture.,5
2155,25,R,,,,,2.31367785673,,,,,25,1,,5,90,0,3,1,4.39870451095,53,How to feel secure?, Save money.,6
2155,26,L,,,,,2.04903938238,,,,,20,1,,5,90,0,3,1,1.01042958178,12,How to reduce worry?, Plan ahead.,6
2155,27,L,,,,,1.11821297752,,,,,39,1,,5,90,0,3,1,1.04067399453,21,How to avoid diseases?, Kill germs.,5
2155,28,R,,,,,2.92521241377,,,,,36,1,,5,90,0,3,1,1.32571033003,39,How to consume alcohol?, Drink wine.,5
2155,29,L,,,,,2.13237355133,,,,,26,1,,5,90,0,3,1,2.39154588633,6,Why provide food?, Help a person.,3
2155,30,R,,,,,2.32938870716,,,,,40,1,,5,90,0,3,1,1.66564197858,45,Why show competence?, Pass the time.,3
2155,31,L,,,,,1.08136416892,,,,,21,1,,5,90,0,3,1,1.0296026933,24,Why clip coupons?, Save money.,2
2155,32,R,,,,,1.70625040904,,,,,23,1,,5,90,0,3,1,3.57576371317,32,Why consume medicine?, Reduce pain.,2
2155,33,L,,,,,1.27288895382,,,,,33,1,,5,90,0,3,1,2.03504976696,13,How to write a song?, Play piano.,4
2155,34,L,,,,,1.17797338252,,,,,37,1,,5,90,0,3,1,2.50551648546,29,How to kill germs?, Wash ones hands.,4
2155,35,R,,,,,4.63294489152,,,,,29,1,,5,90,0,3,1,1.35804178152,43,Why cut paper?, Clip coupons.,1
2155,36,R,,,,,1.16732953479,,,,,22,1,,5,90,0,3,1,1.56846274978,49,Why follow recipes?, Prepare meals.,1
2155,37,L,,,,,1.17228719665,,,,,28,1,,5,90,0,3,1,1.05293397665,7,Why open a bottle?, Consume medicine.,1
2155,38,R,,,,,1.44664449194,,,,,38,1,,5,90,0,3,1,1.15994750885,47,Why dial numbers?, Make a phone call.,1
2155,39,R,,,,,1.89659359381,,,,,30,1,,5,90,0,3,1,4.3609152789,20,How to take a picture?, Point a camera.,4
2155,40,L,,,,,1.76020874702,,,,,34,1,,5,90,0,3,1,1.34149234135,31,How to make a list?, Throw away trash.,4
2155,41,L,,,,,4.4278342575,,,,,33,1,,5,90,0,3,1,3.63869129949,19,How to satisfy hunger?, Make breakfast.,5
2155,42,R,,,,,1.81006974052,,,,,35,1,,5,90,0,3,1,1.60299196196,35,How to make a donation?, Mix a cocktail.,5
2155,43,L,,,,,1.95276360956,,,,,28,1,,5,90,0,3,1,2.26796844218,50,Why give a lecture?, Teach others.,2
2155,44,R,,,,,2.67024304373,,,,,36,1,,5,90,0,3,1,1.15181745341,28,Why watch television?, Show competence.,2
2155,45,L,,,,,1.23899330412,,,,,39,1,,5,90,0,3,1,1.91850772071,4,How to feel sociable?, Hold a party.,6
2155,46,R,,,,,2.77417867226,,,,,25,1,,5,90,0,3,1,1.55996897143,56,How to express a talent?, Entertain others.,6
2155,47,L,,,,,2.26316880428,,,,,37,1,,5,90,0,3,1,2.92270324123,0,Why give to charity?, Support a cause.,3
2155,48,R,,,,,2.14670842171,,,,,38,1,,5,90,0,3,1,2.56196806723,22,Why attend a school?, Get a degree.,3
2155,49,R,,,,,2.27662423186,,,,,32,1,,5,90,0,3,1,3.29324063957,3,How to spread joy?, Get a job.,6
2155,50,L,,,,,2.53805542369,,,,,40,1,,5,90,0,3,1,1.6582774588,1,How to satisfy a need?, Make a purchase.,6
2155,51,R,,,,,1.03312284115,,,,,29,1,,5,90,0,3,1,1.07721009856,51,Why gain knowledge?, Improve oneself.,3
2155,52,L,,,,,2.20744340119,,,,,34,1,,5,90,0,3,1,2.23863046629,41,Why show courtesy?, Make a friend.,3
2155,53,R,,,,,1.14376704159,,,,,27,1,,5,90,0,3,1,1.86140947333,59,Why give applause?, Show appreciation.,2
2155,54,L,,,,,1.26925134332,,,,,26,1,,5,90,0,3,1,1.4118140536,40,Why make a phone call?, Contact a friend.,2
2155,55,R,,,,,3.86465335778,,,,,31,1,,5,90,0,3,1,2.50805465297,9,Why click a mouse?, Open a browser.,1
2155,56,R,,,,,1.92323692509,,,,,23,1,,5,90,0,3,1,1.00724107818,27,Why wash ones hands?, Kill germs.,1
2155,57,R,,,,,2.77369807492,,,,,22,1,,5,90,0,3,1,1.48822780405,25,How to write a check?, Sign ones name.,4
2155,58,L,,,,,1.39734764175,,,,,24,1,,5,90,0,3,1,1.25203994749,46,How to drink wine?, Open a bottle. ,4
2155,59,L,,,,,1.57230835559,,,,,20,1,,5,90,0,3,1,2.38210658087,44,How to attend a school?, Enter a classroom.,5
2155,60,L,,,,,1.99963698187,,,,,21,1,,5,90,0,3,1,2.08586743662,57,How to save money?, Clip coupons.,5
