Subject,Trial,SSonLorR,RT,startingK,endingK,TrialStart,ITI,choiceUp,choiceMade,TrialOver,SSamount,LLamount,Condition,Choice,SSdelay,LLdelay,salienceCondition,day,runid,TaskInterval,RewardTrialRanked,Construal_QuestionText,Construal_AnswerText,Construal_Condition
2002,1,R,,,,,2.85083393178,,,,25,30,1,,1,,1,1,1,1.44142145602,31,How to entertain oneself?, Watch television.,5
2002,2,R,,,,,2.34350212799,,,,25,30,1,,7,,1,1,1,1.38668297286,36,How to get a promotion?, Arrive on time.,5
2002,3,L,,,,,1.18906556423,,,,25,30,1,,6,,1,1,1,1.04371634136,35,How to express a talent?, Entertain others.,6
2002,4,L,,,,,1.21155641982,,,,25,30,1,,2,,1,1,1,3.19877506073,54,How to feel nostalgia?, Keep a memory.,6
2002,5,L,,,,,1.15836152301,,,,25,30,1,,8,,1,1,1,1.62021453822,43,How to go shopping?, Use credit cards.,4
2002,6,R,,,,,2.0244460551,,,,25,30,1,,4,,1,1,1,2.11839228235,34,How to participate in class?, Raise a hand.,4
2002,7,R,,,,,1.73138645429,,,,25,30,1,,5,,1,1,1,1.24927661003,13,Why go shopping?, Make a purchase.,2
2002,8,R,,,,,1.45110082754,,,,25,30,1,,3,,1,1,1,1.32556605559,49,Why consume medicine?, Reduce pain.,2
2002,9,L,,,,,1.27506368066,,,,25,30,1,,7,,1,1,1,2.74771223264,10,Why use a comb?, Write a song.,1
2002,10,R,,,,,1.56012444706,,,,25,30,1,,4,,1,1,1,5.47703424748,57,Why turn a doorknob?, Enter a classroom.,1
2002,11,R,,,,,3.06705876176,,,,25,30,1,,5,,1,1,1,3.29284844115,19,Why avoid diseases?, Live a long life.,3
2002,12,L,,,,,1.5854085711,,,,25,30,1,,6,,1,1,1,1.99788099221,53,Why reduce pain?, Feel well.,3
2002,13,R,,,,,2.26138170368,,,,25,30,1,,1,,1,1,1,1.65664471249,5,How to feel sociable?, Hold a party.,6
2002,14,L,,,,,2.21738751848,,,,25,30,1,,2,,1,1,1,2.20506213567,41,How to feel well?, Reduce pain.,6
2002,15,L,,,,,1.63666674558,,,,25,30,1,,8,,1,1,1,1.00929286656,6,Why clip coupons?, Save money.,2
2002,16,L,,,,,4.66712019477,,,,25,30,1,,3,,1,1,1,2.31944484742,20,Why consume caffeine?, Stay alert.,2
2002,17,R,,,,,1.20214878179,,,,25,30,1,,2,,1,1,1,1.50676255162,27,Why use chalk?, Get fit.,1
2002,18,R,,,,,2.77604779908,,,,25,30,1,,8,,1,1,1,2.54751015317,38,Why click a mouse?, Open a browser.,1
2002,19,R,,,,,1.64347771847,,,,25,30,1,,6,,1,1,1,1.13489324523,2,How to show appreciation?, Give applause.,5
2002,20,R,,,,,3.20379938965,,,,25,30,1,,9,,1,1,1,1.44631847494,9,How to express doubt?, Use scissors.,5
2002,21,L,,,,,1.06095059813,,,,25,30,1,,7,,1,1,1,1.7516948053,11,How to take a picture?, Point a camera.,4
2002,22,L,,,,,2.14026094108,,,,25,30,1,,3,,1,1,1,1.804666133,22,How to kill germs?, Wash ones hands.,4
2002,23,L,,,,,2.23436150838,,,,25,30,1,,1,,1,1,1,2.1944795835,1,Why show competence?, Pass the time.,3
2002,24,L,,,,,2.20071546497,,,,25,30,1,,5,,1,1,1,1.0826812577,4,Why give to charity?, Support a cause.,3
2002,25,L,,,,,1.93605619234,,,,25,30,1,,6,,1,1,1,1.16396093194,18,How to avoid diseases?, Kill germs.,5
2002,26,R,,,,,1.33142378966,,,,25,30,1,,7,,1,1,1,2.46344655613,30,How to build muscles?, Lift weights.,5
2002,27,L,,,,,1.35346213823,,,,25,30,1,,3,,1,1,1,2.70983899642,7,How to avoid boredom?, Entertain oneself.,6
2002,28,R,,,,,1.05769185915,,,,25,30,1,,8,,1,1,1,2.95358906938,26,How to support a cause?, Give to charity.,6
2002,29,R,,,,,2.69649580768,,,,25,30,1,,2,,1,1,1,1.45575064632,59,Why raise a hand?, Participate in class.,1
2002,30,L,,,,,3.74507659875,,,,25,30,1,,4,,1,1,1,1.57887473227,40,Why crack eggs?, Make breakfast.,1
2002,31,L,,,,,2.15881578209,,,,25,30,1,,5,,1,1,1,2.47551707269,51,Why kill germs?, Avoid diseases.,2
2002,32,R,,,,,2.66335565036,,,,25,30,1,,1,,1,1,1,1.07059674953,21,Why give applause?, Show appreciation.,2
2002,33,R,,,,,1.14853470422,,,,25,30,1,,3,,1,1,1,1.09131073359,33,How to write a check?, Sign ones name.,4
2002,34,R,,,,,1.49229209279,,,,25,30,1,,1,,1,1,1,2.36192772213,0,How to clip coupons?, Cut paper.,4
2002,35,L,,,,,2.07757714585,,,,25,30,1,,6,,1,1,1,4.14417639438,3,Why satisfy hunger?, Show an ability.,3
2002,36,L,,,,,2.36282744479,,,,25,30,1,,5,,1,1,1,1.11126915706,14,Why get a promotion?, Achieve success.,3
2002,37,L,,,,,1.59680903002,,,,25,30,1,,2,,1,1,1,1.23511819036,45,Why make art?, Show creativity.,3
2002,38,R,,,,,1.15884572854,,,,25,30,1,,9,,1,1,1,1.64932046647,52,Why attend a school?, Get a degree.,3
2002,39,L,,,,,2.12174111341,,,,25,30,1,,7,,1,1,1,2.27530379089,24,How to dress formally?, Wear ties. ,4
2002,40,R,,,,,4.35188238768,,,,25,30,1,,4,,1,1,1,1.53525096624,12,How to paint a picture?, Use a brush.,4
2002,41,R,,,,,1.0458264547,,,,25,30,1,,9,,1,1,1,2.68431283771,23,How to show ambition?, Serve alcohol.,5
2002,42,L,,,,,1.70803602563,,,,25,30,1,,3,,1,1,1,2.1235530318,58,How to make art?, Paint a picture.,5
2002,43,L,,,,,1.51462954636,,,,25,30,1,,7,,1,1,1,1.18540103849,16,How to achieve success?, Get a promotion.,6
2002,44,L,,,,,3.70596081062,,,,25,30,1,,8,,1,1,1,2.45893452552,44,How to show humility?, Build muscles.,6
2002,45,R,,,,,1.62772777032,,,,25,30,1,,1,,1,1,1,1.69873863328,48,Why enter a classroom?, Attend a school.,2
2002,46,L,,,,,1.15717515692,,,,25,30,1,,2,,1,1,1,1.50114558749,32,Why make breakfast?, Satisfy hunger.,2
2002,47,R,,,,,2.35370770609,,,,25,30,1,,6,,1,1,1,2.04938535437,50,Why drink coffee?, Consume caffeine.,1
2002,48,R,,,,,1.49245220028,,,,25,30,1,,4,,1,1,1,2.51227421282,8,Why follow recipes?, Prepare meals.,1
2002,49,L,,,,,2.57563825589,,,,25,30,1,,3,,1,1,1,2.0273618037,56,How to avoid mistakes?, Obey laws.,6
2002,50,R,,,,,2.00466671392,,,,25,30,1,,8,,1,1,1,2.32279421997,17,How to improve oneself?, Gain knowledge.,6
2002,51,R,,,,,2.0872744512,,,,25,30,1,,2,,1,1,1,2.11388187341,25,How to write a poem?, Grab a pencil.,4
2002,52,R,,,,,2.40929149139,,,,25,30,1,,6,,1,1,1,3.18921759853,42,How to consume caffeine?, Press buttons.,4
2002,53,L,,,,,1.38235129524,,,,25,30,1,,9,,1,1,1,1.65050318643,15,Why entertain others?, Express a talent.,3
2002,54,L,,,,,1.61804026271,,,,25,30,1,,7,,1,1,1,1.88714735356,37,Why show intelligence?, Impress others.,3
2002,55,L,,,,,1.7496848485,,,,25,30,1,,4,,1,1,1,1.34588119419,28,Why dial numbers?, Make a phone call.,1
2002,56,L,,,,,2.18340459373,,,,25,30,1,,5,,1,1,1,2.06107228795,39,Why open a bottle?, Consume medicine.,1
2002,57,R,,,,,1.04147678121,,,,25,30,1,,8,,1,1,1,1.03989786284,55,How to make a purchase?, Go shopping.,5
2002,58,R,,,,,1.00995864657,,,,25,30,1,,4,,1,1,1,4.53026703255,29,How to teach others?, Give a lecture.,5
2002,59,R,,,,,1.97014459295,,,,25,30,1,,3,,1,1,1,1.03316439503,46,Why write a song?, Seek advice.,2
2002,60,L,,,,,2.71942704403,,,,25,30,1,,7,,1,1,1,1.04856866941,47,Why drink wine?, Consume alcohol.,2
