Subject,Trial,SSonLorR,RT,startingK,endingK,TrialStart,ITI,choiceUp,choiceMade,TrialOver,SSamount,LLamount,Condition,Choice,SSdelay,LLdelay,salienceCondition,day,runid,TaskInterval,RewardTrialRanked,Construal_QuestionText,Construal_AnswerText,Construal_Condition
2183,1,L,,,,,0.826356138673,,,,,37,1,,5,90,0,2,3,0.825395147515,0,,,
2183,2,R,,,,,4.17858074021,,,,,26,1,,5,90,0,2,3,0.592993939876,3,,,
2183,3,R,,,,,1.18455122891,,,,,23,1,,5,90,0,2,3,0.930132164121,1,,,
2183,4,L,,,,,2.07308994407,,,,,33,1,,5,90,0,2,3,1.18761537569,2,,,
