Subject,Trial,SSonLorR,RT,startingK,endingK,TrialStart,ITI,choiceUp,choiceMade,TrialOver,SSamount,LLamount,Condition,Choice,SSdelay,LLdelay,salienceCondition,day,runid,TaskInterval,RewardTrialRanked,Construal_QuestionText,Construal_AnswerText,Construal_Condition
2024,1,R,,,,,2.50567110958,,,,,28,1,,5,90,0,1,2,1.33405741837,33,How to plan ahead?, Make a list.,5
2024,2,L,,,,,1.29339733099,,,,,34,1,,5,90,0,1,2,2.90241656187,23,How to satisfy hunger?, Make breakfast.,5
2024,3,R,,,,,4.34173345861,,,,,30,1,,5,90,0,1,2,4.44500929868,58,How to make breakfast?, Crack eggs.,4
2024,4,R,,,,,1.93091264975,,,,,24,1,,5,90,0,1,2,3.13722534148,22,How to consume medicine?, Take pills. ,4
2024,5,L,,,,,1.20944168707,,,,,31,1,,5,90,0,1,2,3.02586057547,53,Why enter a classroom?, Attend a school.,2
2024,6,R,,,,,2.45960637477,,,,,21,1,,5,90,0,1,2,1.2902066102,37,Why consume medicine?, Reduce pain.,2
2024,7,R,,,,,2.58600239249,,,,,39,1,,5,90,0,1,2,2.99099333383,48,Why show courtesy?, Make a friend.,3
2024,8,L,,,,,1.77328301152,,,,,40,1,,5,90,0,1,2,4.21130816172,12,Why build muscles?, Show humility.,3
2024,9,R,,,,,1.3430265934,,,,,36,1,,5,90,0,1,2,1.18933512009,34,Why open a bottle?, Consume medicine.,1
2024,10,L,,,,,1.29661995608,,,,,32,1,,5,90,0,1,2,2.27783506062,18,Why use chalk?, Get fit.,1
2024,11,L,,,,,1.05202794508,,,,,26,1,,5,90,0,1,2,2.68930440116,35,How to show cleanliness?, Write an email.,6
2024,12,L,,,,,1.20581890318,,,,,35,1,,5,90,0,1,2,1.03366303224,43,How to reduce worry?, Plan ahead.,6
2024,13,L,,,,,5.86583053957,,,,,33,1,,5,90,0,1,2,1.22832665524,2,How to open a browser?, Click a mouse.,4
2024,14,R,,,,,1.20346312105,,,,,22,1,,5,90,0,1,2,1.08935935437,1,How to participate in class?, Raise a hand.,4
2024,15,L,,,,,1.67448956172,,,,,20,1,,5,90,0,1,2,3.31586021015,15,How to teach others?, Give a lecture.,5
2024,16,R,,,,,1.02794283054,,,,,38,1,,5,90,0,1,2,1.00232712015,3,How to get a promotion?, Arrive on time.,5
2024,17,L,,,,,2.50491319065,,,,,29,1,,5,90,0,1,2,1.00925056056,46,How to show humility?, Build muscles.,6
2024,18,L,,,,,1.61155421236,,,,,23,1,,5,90,0,1,2,1.02232082196,17,How to express a talent?, Entertain others.,6
2024,19,L,,,,,1.12041205399,,,,,27,1,,5,90,0,1,2,1.45129142383,24,Why drink coffee?, Consume caffeine.,1
2024,20,R,,,,,2.97094060419,,,,,25,1,,5,90,0,1,2,1.62073410001,51,Why point a camera?, Take a picture.,1
2024,21,R,,,,,1.76808492363,,,,,20,1,,5,90,0,1,2,2.21417724597,14,Why drink wine?, Consume alcohol.,2
2024,22,R,,,,,1.65132056957,,,,,29,1,,5,90,0,1,2,1.4803331178,31,Why write a poem?, Express an idea.,2
2024,23,L,,,,,1.28557603681,,,,,24,1,,5,90,0,1,2,1.63429042655,6,Why finish a job?, Feel productive.,3
2024,24,R,,,,,3.06506982692,,,,,36,1,,5,90,0,1,2,1.39552760421,25,Why give to charity?, Support a cause.,3
2024,25,R,,,,,1.18538079027,,,,,34,1,,5,90,0,1,2,1.84713655603,0,How to support a cause?, Give to charity.,6
2024,26,R,,,,,1.94571794047,,,,,26,1,,5,90,0,1,2,1.62433870173,52,How to live a long life?, Avoid diseases.,6
2024,27,L,,,,,2.54290588499,,,,,35,1,,5,90,0,1,2,1.43347255984,50,Why avoid diseases?, Live a long life.,3
2024,28,R,,,,,1.69951563999,,,,,28,1,,5,90,0,1,2,1.29058539351,30,Why reduce pain?, Feel well.,3
2024,29,L,,,,,3.15531211045,,,,,32,1,,5,90,0,1,2,3.15682453286,7,Why click a mouse?, Open a browser.,1
2024,30,L,,,,,1.44052165054,,,,,30,1,,5,90,0,1,2,1.73641424849,47,Why dial numbers?, Make a phone call.,1
2024,31,L,,,,,1.41074428489,,,,,39,1,,5,90,0,1,2,2.89126344464,26,How to drink wine?, Open a bottle. ,4
2024,32,R,,,,,2.34698797748,,,,,22,1,,5,90,0,1,2,1.30516643439,55,How to kill germs?, Wash ones hands.,4
2024,33,R,,,,,1.03329958067,,,,,37,1,,5,90,0,1,2,2.13335613145,44,How to make a purchase?, Go shopping.,5
2024,34,R,,,,,1.63865241085,,,,,27,1,,5,90,0,1,2,1.74105817843,16,How to gain knowledge?, Read articles.,5
2024,35,L,,,,,3.37953960954,,,,,21,1,,5,90,0,1,2,1.43922566933,39,Why participate in class?, Show intelligence.,2
2024,36,L,,,,,1.69133780851,,,,,31,1,,5,90,0,1,2,1.8933804291,8,Why write a song?, Seek advice.,2
2024,37,R,,,,,1.1494696144,,,,,38,1,,5,90,0,1,2,1.35000989392,49,How to take a picture?, Point a camera.,4
2024,38,R,,,,,1.35703920807,,,,,40,1,,5,90,0,1,2,3.6381034404,29,How to go shopping?, Use credit cards.,4
2024,39,L,,,,,4.23649103205,,,,,33,1,,5,90,0,1,2,2.33547543822,21,How to write an email?, Open a browser.,5
2024,40,L,,,,,1.82352262659,,,,,25,1,,5,90,0,1,2,1.00750903084,56,How to provide food?, Prepare meals.,5
2024,41,L,,,,,1.33366828887,,,,,32,1,,5,90,0,1,2,3.34977686537,4,Why gain knowledge?, Improve oneself.,3
2024,42,R,,,,,1.88535860515,,,,,20,1,,5,90,0,1,2,1.73101311975,45,Why save money?, Get fit.,3
2024,43,R,,,,,2.15615629787,,,,,30,1,,5,90,0,1,2,2.66827902741,27,Why use credit cards?, Go shopping.,1
2024,44,L,,,,,2.37546032063,,,,,38,1,,5,90,0,1,2,1.34501991851,59,Why use a brush?, Paint a picture.,1
2024,45,L,,,,,1.73862433702,,,,,39,1,,5,90,0,1,2,2.20550472245,54,Why read articles?, Gain knowledge.,2
2024,46,R,,,,,1.53321476105,,,,,25,1,,5,90,0,1,2,1.88956531836,28,Why paint a picture?, Make art.,2
2024,47,R,,,,,3.53959955802,,,,,28,1,,5,90,0,1,2,1.14398600378,11,How to get a degree?, Attend a school.,6
2024,48,L,,,,,1.30521869262,,,,,26,1,,5,90,0,1,2,1.11492455773,38,How to show an ability?, Satisfy hunger.,6
2024,49,R,,,,,1.3005949476,,,,,34,1,,5,90,0,1,2,1.45803645325,9,Why make art?, Show creativity.,3
2024,50,R,,,,,1.7822362569,,,,,33,1,,5,90,0,1,2,1.45084162343,42,Why share ideas?, Show intellect.,3
2024,51,L,,,,,1.86886437851,,,,,29,1,,5,90,0,1,2,1.77590280841,5,How to improve oneself?, Gain knowledge.,6
2024,52,R,,,,,2.60946454631,,,,,22,1,,5,90,0,1,2,1.55008949794,32,How to show creativity?, Make art.,6
2024,53,L,,,,,2.83880628227,,,,,37,1,,5,90,0,1,2,1.8843490165,41,How to paint a picture?, Use a brush.,4
2024,54,L,,,,,1.17828550046,,,,,27,1,,5,90,0,1,2,3.77231067473,36,How to read articles?, Open a magazine.,4
2024,55,L,,,,,2.19322300603,,,,,24,1,,5,90,0,1,2,1.87347906989,10,Why go shopping?, Make a purchase.,2
2024,56,R,,,,,1.04269664605,,,,,31,1,,5,90,0,1,2,1.01767160692,57,Why watch television?, Show competence.,2
2024,57,L,,,,,2.42889872208,,,,,23,1,,5,90,0,1,2,2.14639829737,19,How to express doubt?, Use scissors.,5
2024,58,R,,,,,1.46868364328,,,,,21,1,,5,90,0,1,2,2.92340833206,13,How to contact a friend?, Make a phone call.,5
2024,59,R,,,,,2.12222408943,,,,,40,1,,5,90,0,1,2,2.94240357644,20,Why wear ties?, Dress formally.,1
2024,60,L,,,,,1.97324014534,,,,,36,1,,5,90,0,1,2,1.04277356473,40,Why open a magazine?, Read articles.,1
