Subject,Trial,SSonLorR,RT,startingK,endingK,TrialStart,ITI,choiceUp,choiceMade,TrialOver,SSamount,LLamount,Condition,Choice,SSdelay,LLdelay,salienceCondition,day,runid,TaskInterval,RewardTrialRanked,Construal_QuestionText,Construal_AnswerText,Construal_Condition
2171,1,R,,,,,2.25543383322,,,,25,30,1,,1,,1,3,4,0.80566162024,3,,,
2171,2,L,,,,,0.986622767932,,,,25,30,1,,3,,1,3,4,0.936924910736,0,,,
2171,3,R,,,,,0.819487780982,,,,25,30,1,,6,,1,3,4,1.23140042254,1,,,
2171,4,L,,,,,3.07839430469,,,,25,30,1,,7,,1,3,4,0.800987740113,2,,,
