Subject,Trial,SSonLorR,RT,startingK,endingK,TrialStart,ITI,choiceUp,choiceMade,TrialOver,SSamount,LLamount,Condition,Choice,SSdelay,LLdelay,salienceCondition,day,runid,TaskInterval,RewardTrialRanked,Construal_QuestionText,Construal_AnswerText,Construal_Condition
2022,1,R,,,,,3.2152637596,,,,,32,1,,5,90,0,2,4,0.611259211428,3,,,
2022,2,L,,,,,0.648401293321,,,,,37,1,,5,90,0,2,4,0.655066464744,2,,,
2022,3,R,,,,,2.71368981579,,,,,21,1,,5,90,0,2,4,1.55939952321,1,,,
2022,4,L,,,,,2.19157520149,,,,,26,1,,5,90,0,2,4,1.39569761434,0,,,
