Subject,Trial,SSonLorR,RT,startingK,endingK,TrialStart,ITI,choiceUp,choiceMade,TrialOver,SSamount,LLamount,Condition,Choice,SSdelay,LLdelay,salienceCondition,day,runid,TaskInterval,RewardTrialRanked,Construal_QuestionText,Construal_AnswerText,Construal_Condition
2163,1,L,,,,,1.49699137245,,,,25,30,1,,8,,1,3,2,3.76132229085,3,Why give a lecture?, Teach others.,2
2163,2,R,,,,,1.60061515249,,,,25,30,1,,6,,1,3,2,1.47492240398,47,Why make a list?, Plan ahead.,2
2163,3,R,,,,,1.38005538033,,,,25,30,1,,5,,1,3,2,1.16252059606,52,How to dress formally?, Wear ties. ,4
2163,4,R,,,,,1.86139140008,,,,25,30,1,,7,,1,3,2,1.14257153337,11,How to participate in class?, Raise a hand.,4
2163,5,R,,,,,2.34402658953,,,,25,30,1,,1,,1,3,2,1.65404842525,7,Why satisfy hunger?, Show an ability.,3
2163,6,R,,,,,1.95085313391,,,,25,30,1,,2,,1,3,2,1.30928225186,43,Why reduce pain?, Feel well.,3
2163,7,L,,,,,1.35124100121,,,,25,30,1,,3,,1,3,2,1.90028310936,23,How to give to charity?, Use a camera.,5
2163,8,L,,,,,1.00973102731,,,,25,30,1,,9,,1,3,2,1.27975768881,55,How to express doubt?, Use scissors.,5
2163,9,R,,,,,5.15058103572,,,,25,30,1,,8,,1,3,2,1.24268740621,13,How to satisfy a need?, Make a purchase.,6
2163,10,L,,,,,2.47331777539,,,,25,30,1,,9,,1,3,2,1.24049896061,44,How to reduce worry?, Plan ahead.,6
2163,11,R,,,,,1.04068483519,,,,25,30,1,,2,,1,3,2,3.68890473588,32,Why clap hands?, Give applause.,1
2163,12,L,,,,,1.80277711841,,,,25,30,1,,4,,1,3,2,1.40845012228,26,Why turn a doorknob?, Enter a classroom.,1
2163,13,L,,,,,3.85586565927,,,,25,30,1,,7,,1,3,2,2.07764219463,33,How to consume medicine?, Take pills. ,4
2163,14,L,,,,,2.5094811316,,,,25,30,1,,5,,1,3,2,1.81817119502,28,How to consume caffeine?, Press buttons.,4
2163,15,L,,,,,1.51471037383,,,,25,30,1,,3,,1,3,2,2.26415511431,19,How to show appreciation?, Give applause.,5
2163,16,R,,,,,1.12146501578,,,,25,30,1,,1,,1,3,2,1.74821341607,42,How to contact a friend?, Make a phone call.,5
2163,17,L,,,,,2.65285956655,,,,25,30,1,,2,,1,3,2,2.92179390876,36,Why hold a party?, Feel sociable.,3
2163,18,L,,,,,1.11320045545,,,,25,30,1,,9,,1,3,2,1.12653445367,15,Why contact a friend?, Feel connected.,3
2163,19,R,,,,,1.56923140006,,,,25,30,1,,1,,1,3,2,1.73892155671,51,Why read articles?, Gain knowledge.,2
2163,20,R,,,,,1.75551502886,,,,25,30,1,,8,,1,3,2,1.4986642968,54,Why paint a picture?, Make art.,2
2163,21,L,,,,,2.86021726378,,,,25,30,1,,5,,1,3,2,2.92606526536,16,How to avoid boredom?, Entertain oneself.,6
2163,22,L,,,,,1.57146575713,,,,25,30,1,,6,,1,3,2,2.26124623942,24,How to feel nostalgia?, Keep a memory.,6
2163,23,R,,,,,1.26221531454,,,,25,30,1,,4,,1,3,2,2.98247873295,0,Why drink coffee?, Consume caffeine.,1
2163,24,R,,,,,3.48978307205,,,,25,30,1,,3,,1,3,2,4.12976177261,4,Why sign ones name?, Write a check.,1
2163,25,L,,,,,3.2396703811,,,,25,30,1,,8,,1,3,2,1.28714467612,12,Why raise a hand?, Participate in class.,1
2163,26,R,,,,,1.19817872046,,,,25,30,1,,4,,1,3,2,1.18153408365,8,Why use a remote?, Watch television.,1
2163,27,R,,,,,2.17059896818,,,,25,30,1,,5,,1,3,2,1.35504124158,39,How to show an ability?, Satisfy hunger.,6
2163,28,L,,,,,1.61160614887,,,,25,30,1,,7,,1,3,2,1.48121338936,49,How to show humility?, Build muscles.,6
2163,29,L,,,,,1.6837834151,,,,25,30,1,,9,,1,3,2,3.89413190659,21,Why consume caffeine?, Stay alert.,2
2163,30,R,,,,,1.77334041886,,,,25,30,1,,3,,1,3,2,1.44006816861,35,Why lift weights?, Build muscles.,2
2163,31,L,,,,,1.44053584528,,,,25,30,1,,1,,1,3,2,1.55882609047,9,How to provide food?, Prepare meals.,5
2163,32,R,,,,,1.18649235112,,,,25,30,1,,6,,1,3,2,2.61453275994,10,How to show intelligence?, Participate in class.,5
2163,33,R,,,,,1.87619878809,,,,25,30,1,,4,,1,3,2,2.62014238403,25,Why make a purchase?, Satisfy a need.,3
2163,34,R,,,,,1.39767458901,,,,25,30,1,,7,,1,3,2,2.03255524503,37,Why finish a job?, Feel productive.,3
2163,35,L,,,,,2.72514910153,,,,25,30,1,,3,,1,3,2,1.93454564368,27,How to watch television?, Use a remote.,4
2163,36,L,,,,,2.0765058511,,,,25,30,1,,5,,1,3,2,2.65232752259,22,How to go shopping?, Use credit cards.,4
2163,37,R,,,,,3.66409072138,,,,25,30,1,,8,,1,3,2,1.81336597676,46,How to clip coupons?, Cut paper.,4
2163,38,L,,,,,1.18405819747,,,,25,30,1,,9,,1,3,2,1.9423475302,48,How to mix a cocktail?, Stir ingredients.,4
2163,39,R,,,,,1.05804436368,,,,25,30,1,,1,,1,3,2,2.59871265245,17,How to gain knowledge?, Read articles.,5
2163,40,R,,,,,1.91588412724,,,,25,30,1,,2,,1,3,2,1.15649054961,45,How to make a purchase?, Go shopping.,5
2163,41,L,,,,,2.20762665487,,,,25,30,1,,4,,1,3,2,1.29805139228,38,Why wash ones hands?, Kill germs.,1
2163,42,L,,,,,2.51851459398,,,,25,30,1,,3,,1,3,2,1.68983458635,1,Why crack eggs?, Make breakfast.,1
2163,43,L,,,,,1.20733742757,,,,25,30,1,,5,,1,3,2,2.24462958858,56,Why make a phone call?, Contact a friend.,2
2163,44,L,,,,,1.82677157043,,,,25,30,1,,7,,1,3,2,2.25919971432,57,Why consume medicine?, Reduce pain.,2
2163,45,L,,,,,1.14105979108,,,,25,30,1,,1,,1,3,2,2.05067643689,41,Why avoid diseases?, Live a long life.,3
2163,46,R,,,,,1.68867827474,,,,25,30,1,,9,,1,3,2,2.52625088668,2,Why show appreciation?, Spread joy.,3
2163,47,R,,,,,1.54142108142,,,,25,30,1,,8,,1,3,2,1.42443770975,29,How to live a long life?, Avoid diseases.,6
2163,48,R,,,,,4.41359564278,,,,25,30,1,,2,,1,3,2,2.38470208876,53,How to spread joy?, Get a job.,6
2163,49,R,,,,,1.65465424886,,,,25,30,1,,6,,1,3,2,4.23324264217,6,How to feel well?, Reduce pain.,6
2163,50,L,,,,,1.62022218876,,,,25,30,1,,9,,1,3,2,1.67424365882,58,How to feel secure?, Save money.,6
2163,51,R,,,,,2.80678847925,,,,25,30,1,,5,,1,3,2,1.35472541192,40,Why give applause?, Show appreciation.,2
2163,52,R,,,,,4.08089550007,,,,25,30,1,,8,,1,3,2,2.51937602068,34,Why drink wine?, Consume alcohol.,2
2163,53,L,,,,,1.20806738618,,,,25,30,1,,3,,1,3,2,1.05975072328,18,How to kill germs?, Wash ones hands.,4
2163,54,L,,,,,1.19875237925,,,,25,30,1,,2,,1,3,2,1.76394187375,5,How to drink wine?, Open a bottle. ,4
2163,55,R,,,,,1.07032468196,,,,25,30,1,,7,,1,3,2,1.62452622474,30,How to avoid diseases?, Kill germs.,5
2163,56,L,,,,,1.3682705179,,,,25,30,1,,4,,1,3,2,1.11728343211,59,How to show ambition?, Serve alcohol.,5
2163,57,L,,,,,2.23506040208,,,,25,30,1,,1,,1,3,2,1.8144339976,50,Why entertain others?, Express a talent.,3
2163,58,L,,,,,2.56685746761,,,,25,30,1,,5,,1,3,2,1.95498841655,20,Why get a promotion?, Achieve success.,3
2163,59,R,,,,,2.82636308262,,,,25,30,1,,3,,1,3,2,1.27679744775,14,Why stir ingredients?, Mix a cocktail.,1
2163,60,R,,,,,1.1956370414,,,,25,30,1,,4,,1,3,2,2.46936825297,31,Why use credit cards?, Go shopping.,1
