Subject,Trial,SSonLorR,RT,startingK,endingK,TrialStart,ITI,choiceUp,choiceMade,TrialOver,SSamount,LLamount,Condition,Choice,SSdelay,LLdelay,salienceCondition,day,runid,TaskInterval,RewardTrialRanked,Construal_QuestionText,Construal_AnswerText,Construal_Condition
2092,1,R,,,,,0.751546217591,,,,,34,1,,5,90,0,2,4,0.613654266234,3,,,
2092,2,L,,,,,0.62585623346,,,,,26,1,,5,90,0,2,4,0.531231490875,2,,,
2092,3,L,,,,,3.07702416267,,,,,24,1,,5,90,0,2,4,0.611383855147,0,,,
2092,4,R,,,,,3.50787747885,,,,,39,1,,5,90,0,2,4,1.26652349908,1,,,
