Subject,Trial,SSonLorR,RT,startingK,endingK,TrialStart,ITI,choiceUp,choiceMade,TrialOver,SSamount,LLamount,Condition,Choice,SSdelay,LLdelay,salienceCondition,day,runid,TaskInterval,RewardTrialRanked,Construal_QuestionText,Construal_AnswerText,Construal_Condition
2003,1,L,,,,,1.60410673131,,,,25,30,1,,1,,1,3,4,1.96589059548,1,,,
2003,2,R,,,,,1.4296768445,,,,25,30,1,,2,,1,3,4,0.868408211648,2,,,
2003,3,L,,,,,3.30963783317,,,,25,30,1,,6,,1,3,4,0.664164194074,3,,,
2003,4,R,,,,,1.81739348137,,,,25,30,1,,9,,1,3,4,0.749887764323,0,,,
