Subject,Trial,SSonLorR,RT,startingK,endingK,TrialStart,ITI,choiceUp,choiceMade,TrialOver,SSamount,LLamount,Condition,Choice,SSdelay,LLdelay,salienceCondition,day,runid,TaskInterval,RewardTrialRanked,Construal_QuestionText,Construal_AnswerText,Construal_Condition
2056,1,R,,,,,1.28533804791,,,,,31,1,,5,90,0,1,2,2.43327317189,19,Why show intelligence?, Impress others.,3
2056,2,R,,,,,2.0284613355,,,,,36,1,,5,90,0,1,2,1.64255306544,28,Why build muscles?, Show humility.,3
2056,3,L,,,,,1.32164345823,,,,,26,1,,5,90,0,1,2,1.45653713548,9,How to express a talent?, Entertain others.,6
2056,4,R,,,,,1.03923170898,,,,,29,1,,5,90,0,1,2,2.16308206524,38,How to feel nostalgia?, Keep a memory.,6
2056,5,R,,,,,3.04352793758,,,,,40,1,,5,90,0,1,2,2.64336489665,55,How to get a promotion?, Arrive on time.,5
2056,6,R,,,,,1.13354806555,,,,,34,1,,5,90,0,1,2,2.44155369183,40,How to attend a school?, Enter a classroom.,5
2056,7,L,,,,,1.68201724448,,,,,32,1,,5,90,0,1,2,1.89914795791,22,How to dress formally?, Wear ties. ,4
2056,8,R,,,,,5.38177330497,,,,,38,1,,5,90,0,1,2,1.22366368527,50,How to paint a picture?, Use a brush.,4
2056,9,L,,,,,1.0830997369,,,,,28,1,,5,90,0,1,2,1.19201455597,6,Why wear ties?, Dress formally.,1
2056,10,L,,,,,1.95139260432,,,,,33,1,,5,90,0,1,2,2.48609006111,12,Why clap hands?, Give applause.,1
2056,11,L,,,,,4.15274235305,,,,,25,1,,5,90,0,1,2,1.12285296019,32,Why paint a picture?, Make art.,2
2056,12,R,,,,,1.60457398865,,,,,27,1,,5,90,0,1,2,4.27476502649,33,Why make a phone call?, Contact a friend.,2
2056,13,L,,,,,2.2004927772,,,,,37,1,,5,90,0,1,2,4.82934375101,35,How to show creativity?, Make art.,6
2056,14,R,,,,,2.05651324089,,,,,20,1,,5,90,0,1,2,2.01537021288,24,How to satisfy a need?, Make a purchase.,6
2056,15,L,,,,,2.40617746069,,,,,30,1,,5,90,0,1,2,1.2131884096,23,How to prepare meals?, Follow recipes.,4
2056,16,L,,,,,2.48852967598,,,,,35,1,,5,90,0,1,2,1.03409257119,51,How to consume medicine?, Take pills. ,4
2056,17,R,,,,,1.27715647997,,,,,23,1,,5,90,0,1,2,1.48632669524,5,Why take a picture?, Keep a memory.,2
2056,18,L,,,,,1.19652759679,,,,,22,1,,5,90,0,1,2,1.53720401799,46,Why write a song?, Seek advice.,2
2056,19,L,,,,,1.25996392176,,,,,24,1,,5,90,0,1,2,1.25896457925,43,How to reduce pain?, Consume medicine.,5
2056,20,R,,,,,1.91130404056,,,,,39,1,,5,90,0,1,2,1.34514551741,31,How to build muscles?, Lift weights.,5
2056,21,R,,,,,1.96139101474,,,,,30,1,,5,90,0,1,2,1.32625545241,1,Why take aspirin?, Serve alcohol.,1
2056,22,L,,,,,1.79373888513,,,,,22,1,,5,90,0,1,2,2.93308560745,8,Why open a bottle?, Consume medicine.,1
2056,23,L,,,,,2.79721260189,,,,,23,1,,5,90,0,1,2,2.16335213163,36,Why finish a job?, Feel productive.,3
2056,24,R,,,,,1.69386954619,,,,,28,1,,5,90,0,1,2,1.98716444065,44,Why provide food?, Help a person.,3
2056,25,L,,,,,1.19083852395,,,,,36,1,,5,90,0,1,2,1.09292951473,10,How to reduce worry?, Plan ahead.,6
2056,26,R,,,,,1.50198011554,,,,,29,1,,5,90,0,1,2,1.53348740107,2,How to show humility?, Build muscles.,6
2056,27,L,,,,,1.26904117205,,,,,24,1,,5,90,0,1,2,1.01373292212,25,Why lift a glass?, Drink wine.,1
2056,28,R,,,,,2.56646898169,,,,,26,1,,5,90,0,1,2,3.25342365751,18,Why sign ones name?, Write a check.,1
2056,29,L,,,,,1.37365952899,,,,,27,1,,5,90,0,1,2,2.25643210177,30,Why make breakfast?, Satisfy hunger.,2
2056,30,R,,,,,2.82536640041,,,,,33,1,,5,90,0,1,2,2.57103308168,21,Why consume caffeine?, Stay alert.,2
2056,31,L,,,,,4.69720719291,,,,,35,1,,5,90,0,1,2,2.01211343946,53,How to give a lecture?, Brush ones hair.,4
2056,32,R,,,,,1.42891495816,,,,,21,1,,5,90,0,1,2,3.75138505599,4,How to give applause?, Clap hands.,4
2056,33,R,,,,,1.35437201707,,,,,31,1,,5,90,0,1,2,1.30100967693,14,Why avoid diseases?, Live a long life.,3
2056,34,L,,,,,2.58865618902,,,,,20,1,,5,90,0,1,2,2.25025987565,7,Why write an email?, Send a message.,3
2056,35,R,,,,,1.29456962817,,,,,32,1,,5,90,0,1,2,1.1369549229,34,How to save money?, Clip coupons.,5
2056,36,L,,,,,1.96056194464,,,,,39,1,,5,90,0,1,2,1.98657498099,57,How to entertain oneself?, Watch television.,5
2056,37,L,,,,,1.60289313203,,,,,34,1,,5,90,0,1,2,1.44511267847,37,How to kill germs?, Wash ones hands.,4
2056,38,R,,,,,1.03588127186,,,,,40,1,,5,90,0,1,2,1.7656973528,29,How to make breakfast?, Crack eggs.,4
2056,39,R,,,,,1.12882124634,,,,,38,1,,5,90,0,1,2,2.96575001182,47,How to feel well?, Reduce pain.,6
2056,40,R,,,,,2.31301409055,,,,,37,1,,5,90,0,1,2,1.31963033534,3,How to show cleanliness?, Write an email.,6
2056,41,L,,,,,2.48163995472,,,,,40,1,,5,90,0,1,2,1.48444148885,0,How to show intelligence?, Participate in class.,5
2056,42,L,,,,,2.65870359441,,,,,24,1,,5,90,0,1,2,1.92623573438,13,How to provide food?, Prepare meals.,5
2056,43,L,,,,,1.17059926478,,,,,38,1,,5,90,0,1,2,3.41556981846,39,Why participate in class?, Show intelligence.,2
2056,44,L,,,,,1.21433500531,,,,,37,1,,5,90,0,1,2,2.03267420952,11,Why make a list?, Plan ahead.,2
2056,45,L,,,,,2.27599489576,,,,,21,1,,5,90,0,1,2,1.74470597539,48,Why get a promotion?, Achieve success.,3
2056,46,R,,,,,2.54225675797,,,,,36,1,,5,90,0,1,2,1.86785392406,20,Why entertain others?, Express a talent.,3
2056,47,R,,,,,2.31209104173,,,,,34,1,,5,90,0,1,2,1.53271172451,49,Why click a mouse?, Open a browser.,1
2056,48,R,,,,,2.04215465713,,,,,27,1,,5,90,0,1,2,2.69373189786,52,Why stir ingredients?, Mix a cocktail.,1
2056,49,R,,,,,2.05642325531,,,,,29,1,,5,90,0,1,2,2.99160784859,56,Why follow recipes?, Prepare meals.,1
2056,50,R,,,,,1.30790871998,,,,,23,1,,5,90,0,1,2,2.92749836669,59,Why crack eggs?, Make breakfast.,1
2056,51,L,,,,,1.29556235192,,,,,30,1,,5,90,0,1,2,1.88970619353,27,How to write an email?, Open a browser.,5
2056,52,L,,,,,1.07220127717,,,,,32,1,,5,90,0,1,2,1.59022867501,42,How to give to charity?, Use a camera.,5
2056,53,L,,,,,2.07644812392,,,,,33,1,,5,90,0,1,2,1.2276773399,16,Why show competence?, Pass the time.,3
2056,54,R,,,,,5.02721319864,,,,,25,1,,5,90,0,1,2,1.6870151089,17,Why reduce pain?, Feel well.,3
2056,55,R,,,,,1.01985234024,,,,,20,1,,5,90,0,1,2,3.08787111016,15,Why consume medicine?, Reduce pain.,2
2056,56,L,,,,,2.46092612727,,,,,31,1,,5,90,0,1,2,1.16372724694,41,Why drink wine?, Consume alcohol.,2
2056,57,L,,,,,2.51677516513,,,,,22,1,,5,90,0,1,2,1.06967979847,45,How to spread joy?, Get a job.,6
2056,58,R,,,,,3.2931647357,,,,,26,1,,5,90,0,1,2,2.65810136162,26,How to achieve success?, Get a promotion.,6
2056,59,R,,,,,1.06837436827,,,,,35,1,,5,90,0,1,2,2.28722795539,58,How to make a list?, Throw away trash.,4
2056,60,L,,,,,1.88763337967,,,,,28,1,,5,90,0,1,2,1.38851579342,54,How to read articles?, Open a magazine.,4
