Subject,Trial,SSonLorR,RT,startingK,endingK,TrialStart,ITI,choiceUp,choiceMade,TrialOver,SSamount,LLamount,Condition,Choice,SSdelay,LLdelay,salienceCondition,day,runid,TaskInterval,RewardTrialRanked,Construal_QuestionText,Construal_AnswerText,Construal_Condition
2012,1,R,,,,,2.17653537884,,,,,20,1,,5,90,0,1,2,1.46425356341,53,Why open a magazine?, Read articles.,1
2012,2,L,,,,,1.57493739741,,,,,27,1,,5,90,0,1,2,1.03331741432,6,Why click a mouse?, Open a browser.,1
2012,3,L,,,,,1.5723202591,,,,,24,1,,5,90,0,1,2,2.23609284672,15,How to write a check?, Sign ones name.,4
2012,4,L,,,,,1.15455469583,,,,,25,1,,5,90,0,1,2,1.455691111,40,How to participate in class?, Raise a hand.,4
2012,5,R,,,,,1.93109348944,,,,,26,1,,5,90,0,1,2,2.19100604543,26,Why save money?, Get fit.,3
2012,6,R,,,,,1.29287472324,,,,,40,1,,5,90,0,1,2,1.22761087846,33,Why finish a job?, Feel productive.,3
2012,7,L,,,,,1.92407033487,,,,,32,1,,5,90,0,1,2,1.24888378001,32,Why make a list?, Plan ahead.,2
2012,8,L,,,,,2.79599705343,,,,,21,1,,5,90,0,1,2,2.11853002317,10,Why open a browser?, Write an email.,2
2012,9,R,,,,,1.76476855948,,,,,31,1,,5,90,0,1,2,2.07022236514,42,How to improve oneself?, Gain knowledge.,6
2012,10,R,,,,,4.88427538249,,,,,22,1,,5,90,0,1,2,1.08656044387,51,How to avoid boredom?, Entertain oneself.,6
2012,11,L,,,,,1.85698241113,,,,,38,1,,5,90,0,1,2,4.16126188736,3,How to satisfy hunger?, Make breakfast.,5
2012,12,R,,,,,1.56972053398,,,,,29,1,,5,90,0,1,2,2.5892525893,35,How to make a purchase?, Go shopping.,5
2012,13,L,,,,,1.71974913942,,,,,28,1,,5,90,0,1,2,2.34533796051,11,How to feel well?, Reduce pain.,6
2012,14,R,,,,,1.64014834499,,,,,39,1,,5,90,0,1,2,1.17173634788,50,How to show cleanliness?, Write an email.,6
2012,15,L,,,,,2.04985043328,,,,,35,1,,5,90,0,1,2,1.10446605236,38,Why dress formally?, Get a promotion.,2
2012,16,L,,,,,1.06011632408,,,,,36,1,,5,90,0,1,2,4.85534644341,14,Why paint a picture?, Make art.,2
2012,17,L,,,,,1.37475405052,,,,,33,1,,5,90,0,1,2,1.65731983017,12,How to plan ahead?, Make a list.,5
2012,18,L,,,,,2.47233208201,,,,,30,1,,5,90,0,1,2,2.48151028013,44,How to get a promotion?, Arrive on time.,5
2012,19,R,,,,,2.41898039134,,,,,23,1,,5,90,0,1,2,1.44902601495,37,How to write a poem?, Grab a pencil.,4
2012,20,R,,,,,2.27909518966,,,,,37,1,,5,90,0,1,2,1.92488045448,56,How to watch television?, Use a remote.,4
2012,21,R,,,,,1.04692109007,,,,,23,1,,5,90,0,1,2,3.89191718677,8,Why cut paper?, Clip coupons.,1
2012,22,R,,,,,3.38531901766,,,,,40,1,,5,90,0,1,2,1.26871126459,19,Why use credit cards?, Go shopping.,1
2012,23,R,,,,,2.5285637692,,,,,21,1,,5,90,0,1,2,1.41169824988,57,Why satisfy hunger?, Show an ability.,3
2012,24,L,,,,,2.12280985061,,,,,28,1,,5,90,0,1,2,1.60798210657,20,Why gain knowledge?, Improve oneself.,3
2012,25,R,,,,,1.13860518633,,,,,38,1,,5,90,0,1,2,1.19753619155,36,How to build muscles?, Lift weights.,5
2012,26,R,,,,,1.20385563252,,,,,31,1,,5,90,0,1,2,1.17608420549,49,How to express doubt?, Use scissors.,5
2012,27,L,,,,,1.53085077747,,,,,27,1,,5,90,0,1,2,2.5471059894,31,How to spread joy?, Get a job.,6
2012,28,L,,,,,4.88693737772,,,,,29,1,,5,90,0,1,2,1.81493950831,5,How to show creativity?, Make art.,6
2012,29,R,,,,,1.17065842072,,,,,37,1,,5,90,0,1,2,4.28331098288,4,How to consume caffeine?, Press buttons.,4
2012,30,L,,,,,1.38546284018,,,,,39,1,,5,90,0,1,2,1.2987220458,16,How to take a picture?, Point a camera.,4
2012,31,L,,,,,1.32681242283,,,,,30,1,,5,90,0,1,2,1.3378908884,58,Why lift a glass?, Drink wine.,1
2012,32,L,,,,,3.00947638693,,,,,35,1,,5,90,0,1,2,3.00092979579,47,Why open a bottle?, Consume medicine.,1
2012,33,R,,,,,1.40498614494,,,,,22,1,,5,90,0,1,2,1.01313397833,2,Why write an email?, Send a message.,3
2012,34,R,,,,,1.41857979763,,,,,33,1,,5,90,0,1,2,3.03965181723,59,Why show competence?, Pass the time.,3
2012,35,R,,,,,3.14416470271,,,,,24,1,,5,90,0,1,2,1.56261140128,52,Why drink wine?, Consume alcohol.,2
2012,36,L,,,,,2.69446607494,,,,,25,1,,5,90,0,1,2,2.31760656811,0,Why make breakfast?, Satisfy hunger.,2
2012,37,R,,,,,1.18303818278,,,,,26,1,,5,90,0,1,2,1.91801913101,45,How to write a song?, Play piano.,4
2012,38,L,,,,,1.37501388136,,,,,20,1,,5,90,0,1,2,1.84390660572,13,How to go shopping?, Use credit cards.,4
2012,39,L,,,,,1.02381111926,,,,,32,1,,5,90,0,1,2,3.74184867081,25,Why show appreciation?, Spread joy.,3
2012,40,R,,,,,1.88916493627,,,,,36,1,,5,90,0,1,2,1.55742099061,18,Why contact a friend?, Feel connected.,3
2012,41,L,,,,,3.33194696356,,,,,25,1,,5,90,0,1,2,1.17361503461,46,Why clap hands?, Give applause.,1
2012,42,R,,,,,2.19848562799,,,,,28,1,,5,90,0,1,2,1.98239212431,39,Why follow recipes?, Prepare meals.,1
2012,43,L,,,,,1.6092636231,,,,,27,1,,5,90,0,1,2,1.55301276522,23,How to make art?, Paint a picture.,5
2012,44,R,,,,,2.16873622319,,,,,40,1,,5,90,0,1,2,2.34203159391,7,How to teach others?, Give a lecture.,5
2012,45,L,,,,,1.25631913447,,,,,31,1,,5,90,0,1,2,1.22120423823,24,Why lift weights?, Build muscles.,2
2012,46,R,,,,,2.78477533933,,,,,26,1,,5,90,0,1,2,2.78098791527,17,Why teach a class?, Obey laws.,2
2012,47,L,,,,,1.65247405121,,,,,38,1,,5,90,0,1,2,1.37265375668,30,How to show intellect?, Share ideas.,6
2012,48,R,,,,,1.90524758109,,,,,33,1,,5,90,0,1,2,2.81422593131,34,How to express a talent?, Entertain others.,6
2012,49,R,,,,,1.43287310174,,,,,29,1,,5,90,0,1,2,2.36397336448,41,Why turn a doorknob?, Enter a classroom.,1
2012,50,R,,,,,2.53146254933,,,,,23,1,,5,90,0,1,2,2.18166851817,55,Why drink coffee?, Consume caffeine.,1
2012,51,L,,,,,1.03305752628,,,,,36,1,,5,90,0,1,2,1.32235261881,9,How to attend a school?, Enter a classroom.,5
2012,52,L,,,,,1.66906068863,,,,,35,1,,5,90,0,1,2,1.49197178718,48,How to gain knowledge?, Read articles.,5
2012,53,L,,,,,2.97705287352,,,,,34,1,,5,90,0,1,2,1.8436623258,1,Why entertain others?, Express a talent.,3
2012,54,R,,,,,2.1495693857,,,,,37,1,,5,90,0,1,2,1.34277980165,43,Why get a promotion?, Achieve success.,3
2012,55,L,,,,,1.26128324743,,,,,22,1,,5,90,0,1,2,1.6239562204,29,Why give applause?, Show appreciation.,2
2012,56,L,,,,,2.31654752799,,,,,32,1,,5,90,0,1,2,3.2408738388,21,Why go shopping?, Make a purchase.,2
2012,57,L,,,,,2.80978125747,,,,,39,1,,5,90,0,1,2,1.74134001549,27,How to open a browser?, Click a mouse.,4
2012,58,R,,,,,1.21523603327,,,,,21,1,,5,90,0,1,2,1.12615918157,28,How to give a lecture?, Brush ones hair.,4
2012,59,R,,,,,3.86774401625,,,,,24,1,,5,90,0,1,2,1.98807881522,54,How to feel secure?, Save money.,6
2012,60,R,,,,,1.07579171552,,,,,20,1,,5,90,0,1,2,3.4406935941,22,How to show an ability?, Satisfy hunger.,6
