Subject,Trial,SSonLorR,RT,startingK,endingK,TrialStart,ITI,choiceUp,choiceMade,TrialOver,SSamount,LLamount,Condition,Choice,SSdelay,LLdelay,salienceCondition,day,runid,TaskInterval,RewardTrialRanked,Construal_QuestionText,Construal_AnswerText,Construal_Condition
2118,1,R,,,,,1.01197949928,,,,25,30,1,,6,,1,3,1,1.11808004296,30,How to satisfy a need?, Make a purchase.,6
2118,2,R,,,,,3.38458402221,,,,25,30,1,,7,,1,3,1,1.58260629329,53,How to feel productive?, Finish a job.,6
2118,3,L,,,,,2.22985480947,,,,25,30,1,,2,,1,3,1,1.79242881611,20,How to write an email?, Open a browser.,5
2118,4,L,,,,,1.75336229875,,,,25,30,1,,8,,1,3,1,1.61336912359,42,How to consume alcohol?, Drink wine.,5
2118,5,L,,,,,1.54705816207,,,,25,30,1,,1,,1,3,1,1.36626080602,22,How to dress formally?, Wear ties. ,4
2118,6,L,,,,,2.20178332158,,,,25,30,1,,4,,1,3,1,1.13460401626,18,How to give a lecture?, Brush ones hair.,4
2118,7,R,,,,,5.7041638795,,,,25,30,1,,9,,1,3,1,1.41087340248,1,Why make a list?, Plan ahead.,2
2118,8,R,,,,,2.4748381363,,,,25,30,1,,3,,1,3,1,3.41233467206,0,Why teach a class?, Obey laws.,2
2118,9,R,,,,,1.32298057796,,,,25,30,1,,6,,1,3,1,1.15241511314,13,Why drink coffee?, Consume caffeine.,1
2118,10,R,,,,,1.94605484616,,,,25,30,1,,1,,1,3,1,1.30988445328,52,Why crack eggs?, Make breakfast.,1
2118,11,L,,,,,3.17806786786,,,,25,30,1,,5,,1,3,1,4.04672522353,27,Why keep a memory?, Feel nostalgia.,3
2118,12,L,,,,,1.07246528943,,,,25,30,1,,2,,1,3,1,1.76823223705,51,Why finish a job?, Feel productive.,3
2118,13,L,,,,,2.17498641391,,,,25,30,1,,9,,1,3,1,1.78871603575,3,How to improve oneself?, Gain knowledge.,6
2118,14,L,,,,,1.2098714121,,,,25,30,1,,7,,1,3,1,1.0329391654,14,How to show an ability?, Satisfy hunger.,6
2118,15,L,,,,,1.39155183968,,,,25,30,1,,3,,1,3,1,1.73603250076,5,Why attend a school?, Get a degree.,3
2118,16,R,,,,,1.75474404168,,,,25,30,1,,8,,1,3,1,2.37663143803,58,Why hold a party?, Feel sociable.,3
2118,17,R,,,,,2.27980615051,,,,25,30,1,,7,,1,3,1,2.35687486426,17,How to save money?, Clip coupons.,5
2118,18,R,,,,,1.31087980672,,,,25,30,1,,1,,1,3,1,2.69728861144,29,How to reduce pain?, Consume medicine.,5
2118,19,R,,,,,1.24351506896,,,,25,30,1,,4,,1,3,1,1.80423400686,33,Why use credit cards?, Go shopping.,1
2118,20,L,,,,,2.13668061716,,,,25,30,1,,3,,1,3,1,2.90421236254,59,Why stir ingredients?, Mix a cocktail.,1
2118,21,L,,,,,2.57671421205,,,,25,30,1,,8,,1,3,1,3.01049428095,15,Why open a browser?, Write an email.,2
2118,22,R,,,,,1.79502104864,,,,25,30,1,,2,,1,3,1,1.30437192223,39,Why write a poem?, Express an idea.,2
2118,23,R,,,,,1.46426020572,,,,25,30,1,,6,,1,3,1,1.92016201296,50,How to kill germs?, Wash ones hands.,4
2118,24,L,,,,,1.7840940695,,,,25,30,1,,5,,1,3,1,2.99532025764,4,How to go shopping?, Use credit cards.,4
2118,25,L,,,,,1.15391934124,,,,25,30,1,,3,,1,3,1,1.82192273029,54,How to attend a school?, Enter a classroom.,5
2118,26,L,,,,,2.31065727178,,,,25,30,1,,7,,1,3,1,1.29773175885,44,How to entertain oneself?, Watch television.,5
2118,27,R,,,,,2.1676087926,,,,25,30,1,,5,,1,3,1,2.78522036454,23,Why satisfy hunger?, Show an ability.,3
2118,28,L,,,,,1.96815371317,,,,25,30,1,,2,,1,3,1,1.33120403625,8,Why reduce pain?, Feel well.,3
2118,29,R,,,,,1.26317302925,,,,25,30,1,,8,,1,3,1,1.90068032942,12,How to participate in class?, Raise a hand.,4
2118,30,R,,,,,1.63929653211,,,,25,30,1,,4,,1,3,1,2.68879813416,47,How to paint a picture?, Use a brush.,4
2118,31,L,,,,,3.7017024925,,,,25,30,1,,1,,1,3,1,1.56605636271,26,How to get a degree?, Attend a school.,6
2118,32,R,,,,,1.36417299033,,,,25,30,1,,6,,1,3,1,1.02817009498,25,How to feel nostalgia?, Keep a memory.,6
2118,33,R,,,,,1.19530338045,,,,25,30,1,,1,,1,3,1,2.88223782481,24,Why go shopping?, Make a purchase.,2
2118,34,R,,,,,1.45087144717,,,,25,30,1,,6,,1,3,1,2.10890411923,34,Why kill germs?, Avoid diseases.,2
2118,35,L,,,,,2.00415936806,,,,25,30,1,,4,,1,3,1,3.58598299275,56,Why open a bottle?, Consume medicine.,1
2118,36,L,,,,,1.8921241649,,,,25,30,1,,3,,1,3,1,1.49063028762,21,Why take aspirin?, Serve alcohol.,1
2118,37,R,,,,,1.42640042348,,,,25,30,1,,8,,1,3,1,2.31018882469,43,Why use a comb?, Write a song.,1
2118,38,L,,,,,3.18544735968,,,,25,30,1,,7,,1,3,1,1.47884380676,36,Why click a mouse?, Open a browser.,1
2118,39,L,,,,,1.69564520259,,,,25,30,1,,5,,1,3,1,1.45604355535,32,Why get a promotion?, Achieve success.,3
2118,40,L,,,,,2.2557191611,,,,25,30,1,,9,,1,3,1,3.10663634958,6,Why save money?, Get fit.,3
2118,41,R,,,,,1.87555092102,,,,25,30,1,,8,,1,3,1,1.4957901686,31,Why watch television?, Show competence.,2
2118,42,R,,,,,2.27835321991,,,,25,30,1,,9,,1,3,1,2.04248543345,40,Why give applause?, Show appreciation.,2
2118,43,L,,,,,2.00719179578,,,,25,30,1,,4,,1,3,1,3.62862945892,28,How to express doubt?, Use scissors.,5
2118,44,L,,,,,2.45640216425,,,,25,30,1,,2,,1,3,1,1.66008512379,57,How to gain knowledge?, Read articles.,5
2118,45,R,,,,,1.29947056155,,,,25,30,1,,1,,1,3,1,1.09395828415,46,How to lift weights?, Fasten seatbelt.,4
2118,46,L,,,,,2.93103998749,,,,25,30,1,,3,,1,3,1,1.66260928546,45,How to read articles?, Open a magazine.,4
2118,47,R,,,,,1.88876348949,,,,25,30,1,,7,,1,3,1,2.67088376235,10,How to feel sociable?, Hold a party.,6
2118,48,R,,,,,2.02321603935,,,,25,30,1,,6,,1,3,1,1.81308584344,48,How to impress others?, Show intelligence.,6
2118,49,R,,,,,2.01427078781,,,,25,30,1,,7,,1,3,1,1.10006211521,19,How to show intellect?, Share ideas.,6
2118,50,L,,,,,1.27370288181,,,,25,30,1,,4,,1,3,1,1.99866571507,7,How to express a talent?, Entertain others.,6
2118,51,R,,,,,2.10293615951,,,,25,30,1,,9,,1,3,1,1.20461974564,35,How to consume medicine?, Take pills. ,4
2118,52,L,,,,,1.34550130102,,,,25,30,1,,5,,1,3,1,2.12861096335,37,How to give applause?, Clap hands.,4
2118,53,R,,,,,1.01014414849,,,,25,30,1,,8,,1,3,1,3.07933325814,41,Why give to charity?, Support a cause.,3
2118,54,L,,,,,2.94034539688,,,,25,30,1,,3,,1,3,1,1.44542861153,49,Why contact a friend?, Feel connected.,3
2118,55,R,,,,,1.44016003727,,,,25,30,1,,1,,1,3,1,3.6538636556,11,Why write a song?, Seek advice.,2
2118,56,R,,,,,1.98137547374,,,,25,30,1,,2,,1,3,1,1.45235214809,2,Why consume caffeine?, Stay alert.,2
2118,57,L,,,,,2.57398601041,,,,25,30,1,,4,,1,3,1,1.69328130872,55,How to teach others?, Give a lecture.,5
2118,58,R,,,,,1.87196418326,,,,25,30,1,,1,,1,3,1,1.76080990269,38,How to plan ahead?, Make a list.,5
2118,59,L,,,,,3.42313962729,,,,25,30,1,,2,,1,3,1,2.06473282704,16,Why follow recipes?, Prepare meals.,1
2118,60,L,,,,,2.20332191537,,,,25,30,1,,9,,1,3,1,1.07941848424,9,Why clap hands?, Give applause.,1
