Subject,Trial,SSonLorR,RT,startingK,endingK,TrialStart,ITI,choiceUp,choiceMade,TrialOver,SSamount,LLamount,Condition,Choice,SSdelay,LLdelay,salienceCondition,day,runid,TaskInterval,RewardTrialRanked,Construal_QuestionText,Construal_AnswerText,Construal_Condition
2009,1,L,,,,,3.01728940044,,,,25,30,1,,5,,1,2,4,0.900259601346,0,,,
2009,2,R,,,,,1.32683625034,,,,25,30,1,,2,,1,2,4,0.581355011133,1,,,
2009,3,R,,,,,1.36545414588,,,,25,30,1,,9,,1,2,4,0.535772766693,3,,,
2009,4,L,,,,,2.48001298899,,,,25,30,1,,4,,1,2,4,1.46914315458,2,,,
