Subject,Trial,SSonLorR,RT,startingK,endingK,TrialStart,ITI,choiceUp,choiceMade,TrialOver,SSamount,LLamount,Condition,Choice,SSdelay,LLdelay,salienceCondition,day,runid,TaskInterval,RewardTrialRanked,Construal_QuestionText,Construal_AnswerText,Construal_Condition
2167,1,R,,,,,1.13275343476,,,,25,30,1,,6,,1,3,4,1.78322098402,0,,,
2167,2,R,,,,,2.55423218787,,,,25,30,1,,3,,1,3,4,1.74233462735,3,,,
2167,3,L,,,,,0.658518695052,,,,25,30,1,,8,,1,3,4,0.550270683638,2,,,
2167,4,L,,,,,4.1712052478,,,,25,30,1,,5,,1,3,4,0.790919521441,1,,,
