Subject,Trial,SSonLorR,RT,startingK,endingK,TrialStart,ITI,choiceUp,choiceMade,TrialOver,SSamount,LLamount,Condition,Choice,SSdelay,LLdelay,salienceCondition,day,runid,TaskInterval,RewardTrialRanked,Construal_QuestionText,Construal_AnswerText,Construal_Condition
2065,1,R,,,,,1.58155788325,,,,25,30,1,,1,,1,2,4,0.703640347535,3,,,
2065,2,L,,,,,0.660260849308,,,,25,30,1,,4,,1,2,4,0.768374123676,0,,,
2065,3,L,,,,,1.22429845699,,,,25,30,1,,6,,1,2,4,0.653141270375,2,,,
2065,4,R,,,,,4.8808282776,,,,25,30,1,,8,,1,2,4,0.929900589965,1,,,
