Subject,Trial,SSonLorR,RT,startingK,endingK,TrialStart,ITI,choiceUp,choiceMade,TrialOver,SSamount,LLamount,Condition,Choice,SSdelay,LLdelay,salienceCondition,day,runid,TaskInterval,RewardTrialRanked,Construal_QuestionText,Construal_AnswerText,Construal_Condition
2173,1,L,,,,,2.39790115025,,,,,32,1,,5,90,0,3,1,1.15529885034,38,Why enter a classroom?, Attend a school.,2
2173,2,R,,,,,1.27128576433,,,,,40,1,,5,90,0,3,1,2.86189640333,15,Why watch television?, Show competence.,2
2173,3,L,,,,,3.08522451146,,,,,20,1,,5,90,0,3,1,1.04581537704,0,How to get a degree?, Attend a school.,6
2173,4,L,,,,,1.650029935,,,,,28,1,,5,90,0,3,1,1.36946360129,52,How to spread joy?, Get a job.,6
2173,5,R,,,,,1.60220415209,,,,,22,1,,5,90,0,3,1,1.65249580463,17,How to entertain oneself?, Watch television.,5
2173,6,R,,,,,2.71838476228,,,,,36,1,,5,90,0,3,1,2.25431989024,2,How to build muscles?, Lift weights.,5
2173,7,L,,,,,1.17255903543,,,,,25,1,,5,90,0,3,1,1.87157431868,12,Why take aspirin?, Serve alcohol.,1
2173,8,R,,,,,2.00289630586,,,,,23,1,,5,90,0,3,1,1.23280160081,20,Why use credit cards?, Go shopping.,1
2173,9,R,,,,,1.52849060596,,,,,34,1,,5,90,0,3,1,1.13561710046,35,Why give to charity?, Support a cause.,3
2173,10,R,,,,,4.16458714184,,,,,38,1,,5,90,0,3,1,4.15526110503,21,Why satisfy hunger?, Show an ability.,3
2173,11,R,,,,,1.58022736077,,,,,35,1,,5,90,0,3,1,2.08946038956,11,How to lift weights?, Fasten seatbelt.,4
2173,12,L,,,,,2.31123498977,,,,,33,1,,5,90,0,3,1,1.08817576918,47,How to clip coupons?, Cut paper.,4
2173,13,L,,,,,3.3649586401,,,,,37,1,,5,90,0,3,1,1.18656656464,28,Why keep a memory?, Feel nostalgia.,3
2173,14,L,,,,,1.21516353127,,,,,21,1,,5,90,0,3,1,3.25239041415,31,Why make a purchase?, Satisfy a need.,3
2173,15,L,,,,,1.50880891413,,,,,31,1,,5,90,0,3,1,3.23170754844,37,How to reduce pain?, Consume medicine.,5
2173,16,R,,,,,1.74011975334,,,,,39,1,,5,90,0,3,1,1.33337006011,39,How to consume alcohol?, Drink wine.,5
2173,17,L,,,,,2.80633127849,,,,,27,1,,5,90,0,3,1,1.10045260922,30,Why wash ones hands?, Kill germs.,1
2173,18,R,,,,,1.89024223372,,,,,29,1,,5,90,0,3,1,1.27401575931,36,Why clap hands?, Give applause.,1
2173,19,L,,,,,1.43970099247,,,,,30,1,,5,90,0,3,1,2.96316989001,48,How to show intellect?, Share ideas.,6
2173,20,R,,,,,2.15981911255,,,,,24,1,,5,90,0,3,1,1.58109661402,29,How to feel nostalgia?, Keep a memory.,6
2173,21,L,,,,,1.69872985553,,,,,37,1,,5,90,0,3,1,2.70013114156,50,Why read articles?, Gain knowledge.,2
2173,22,R,,,,,1.24256696158,,,,,35,1,,5,90,0,3,1,1.19176873797,16,Why drink wine?, Consume alcohol.,2
2173,23,R,,,,,2.6107441191,,,,,33,1,,5,90,0,3,1,1.36852369472,33,How to prepare meals?, Follow recipes.,4
2173,24,L,,,,,1.1484294835,,,,,39,1,,5,90,0,3,1,5.08469893456,44,How to write a song?, Play piano.,4
2173,25,R,,,,,1.18735932512,,,,,27,1,,5,90,0,3,1,1.80159459551,6,How to express a talent?, Entertain others.,6
2173,26,L,,,,,3.28291394499,,,,,28,1,,5,90,0,3,1,1.45434995168,54,How to avoid boredom?, Entertain oneself.,6
2173,27,L,,,,,2.49520860453,,,,,22,1,,5,90,0,3,1,1.41834604924,26,Why take a picture?, Keep a memory.,2
2173,28,L,,,,,1.14731643737,,,,,20,1,,5,90,0,3,1,1.33680360391,45,Why kill germs?, Avoid diseases.,2
2173,29,R,,,,,1.15869536074,,,,,34,1,,5,90,0,3,1,2.64654307654,42,How to make a list?, Throw away trash.,4
2173,30,R,,,,,3.16434578822,,,,,40,1,,5,90,0,3,1,2.40962660642,53,How to write a poem?, Grab a pencil.,4
2173,31,R,,,,,1.72814273349,,,,,31,1,,5,90,0,3,1,2.19831116975,59,Why use a brush?, Paint a picture.,1
2173,32,R,,,,,2.80815533026,,,,,32,1,,5,90,0,3,1,2.39177737855,22,Why open a bottle?, Consume medicine.,1
2173,33,L,,,,,1.51004957214,,,,,30,1,,5,90,0,3,1,1.40988896053,10,Why write an email?, Send a message.,3
2173,34,R,,,,,1.39690813807,,,,,21,1,,5,90,0,3,1,1.48447118751,18,Why show courtesy?, Make a friend.,3
2173,35,L,,,,,1.15008540656,,,,,26,1,,5,90,0,3,1,1.07383587936,3,How to make art?, Paint a picture.,5
2173,36,L,,,,,2.10990513649,,,,,29,1,,5,90,0,3,1,3.22108228135,27,How to entertain others?, Write a song.,5
2173,37,R,,,,,2.15559830775,,,,,38,1,,5,90,0,3,1,1.61919419036,25,How to open a browser?, Click a mouse.,4
2173,38,L,,,,,1.84530113658,,,,,36,1,,5,90,0,3,1,1.42715270814,1,How to go shopping?, Use credit cards.,4
2173,39,L,,,,,2.42755651798,,,,,23,1,,5,90,0,3,1,1.71636703597,49,Why use a comb?, Write a song.,1
2173,40,R,,,,,1.96512151379,,,,,24,1,,5,90,0,3,1,4.42564120832,55,Why use a remote?, Watch television.,1
2173,41,L,,,,,2.48331548009,,,,,22,1,,5,90,0,3,1,1.32267400896,51,How to express doubt?, Use scissors.,5
2173,42,R,,,,,1.48508548253,,,,,26,1,,5,90,0,3,1,2.37497107222,56,How to avoid diseases?, Kill germs.,5
2173,43,R,,,,,2.18944431348,,,,,37,1,,5,90,0,3,1,1.28783615663,57,How to show an ability?, Satisfy hunger.,6
2173,44,L,,,,,2.06804213015,,,,,28,1,,5,90,0,3,1,2.47559847114,14,How to reduce worry?, Plan ahead.,6
2173,45,L,,,,,1.66896915242,,,,,34,1,,5,90,0,3,1,1.84942698931,19,Why show intelligence?, Impress others.,3
2173,46,R,,,,,3.8297714406,,,,,36,1,,5,90,0,3,1,2.23138066166,34,Why plan ahead?, Reduce worry.,3
2173,47,L,,,,,1.24174438662,,,,,33,1,,5,90,0,3,1,2.99317894371,24,Why dress formally?, Get a promotion.,2
2173,48,R,,,,,1.42737250063,,,,,38,1,,5,90,0,3,1,1.48924987546,8,Why make a phone call?, Contact a friend.,2
2173,49,R,,,,,1.43900769146,,,,,39,1,,5,90,0,3,1,1.79663417615,43,How to show intelligence?, Participate in class.,5
2173,50,L,,,,,2.31156976578,,,,,40,1,,5,90,0,3,1,1.7259845973,46,How to show appreciation?, Give applause.,5
2173,51,R,,,,,3.91659037738,,,,,25,1,,5,90,0,3,1,1.90635378902,9,How to feel productive?, Finish a job.,6
2173,52,L,,,,,1.10264991989,,,,,24,1,,5,90,0,3,1,1.41433572176,41,How to impress others?, Show intelligence.,6
2173,53,R,,,,,1.92240597193,,,,,29,1,,5,90,0,3,1,3.98497907338,4,Why participate in class?, Show intelligence.,2
2173,54,L,,,,,1.61445436809,,,,,30,1,,5,90,0,3,1,1.55653310889,58,Why lift weights?, Build muscles.,2
2173,55,L,,,,,1.41827164728,,,,,21,1,,5,90,0,3,1,2.54520059821,13,Why entertain others?, Express a talent.,3
2173,56,L,,,,,1.04028898805,,,,,27,1,,5,90,0,3,1,1.18192913033,40,Why get a promotion?, Achieve success.,3
2173,57,R,,,,,2.00643720368,,,,,35,1,,5,90,0,3,1,1.52324855453,23,How to dress formally?, Wear ties. ,4
2173,58,R,,,,,4.09372071541,,,,,32,1,,5,90,0,3,1,1.35600896354,7,How to paint a picture?, Use a brush.,4
2173,59,L,,,,,1.94836369828,,,,,31,1,,5,90,0,3,1,2.50581209099,32,Why crack eggs?, Make breakfast.,1
2173,60,R,,,,,1.39220623512,,,,,23,1,,5,90,0,3,1,1.37286206472,5,Why drink coffee?, Consume caffeine.,1
