Subject,Trial,SSonLorR,RT,startingK,endingK,TrialStart,ITI,choiceUp,choiceMade,TrialOver,SSamount,LLamount,Condition,Choice,SSdelay,LLdelay,salienceCondition,day,runid,TaskInterval,RewardTrialRanked,Construal_QuestionText,Construal_AnswerText,Construal_Condition
2150,1,R,,,,,1.72887982037,,,,25,30,1,,3,,1,2,3,0.791733592538,1,,,
2150,2,R,,,,,2.85540419776,,,,25,30,1,,9,,1,2,3,0.684230186641,2,,,
2150,3,L,,,,,1.40498204035,,,,25,30,1,,1,,1,2,3,0.846817415357,0,,,
2150,4,L,,,,,1.78846634677,,,,25,30,1,,7,,1,2,3,0.705495693738,3,,,
