Subject,Trial,SSonLorR,RT,startingK,endingK,TrialStart,ITI,choiceUp,choiceMade,TrialOver,SSamount,LLamount,Condition,Choice,SSdelay,LLdelay,salienceCondition,day,runid,TaskInterval,RewardTrialRanked,Construal_QuestionText,Construal_AnswerText,Construal_Condition
2024,1,R,,,,,5.2671836453,,,,25,30,1,,9,,1,1,1,3.19853675687,15,Why dress formally?, Get a promotion.,2
2024,2,L,,,,,2.8948311729,,,,25,30,1,,7,,1,1,1,1.40785053492,44,Why kill germs?, Avoid diseases.,2
2024,3,R,,,,,2.16144322434,,,,25,30,1,,5,,1,1,1,1.17402109471,56,Why attend a school?, Get a degree.,3
2024,4,L,,,,,1.9049887676,,,,25,30,1,,4,,1,1,1,3.40068729246,14,Why plan ahead?, Reduce worry.,3
2024,5,R,,,,,1.62503604243,,,,25,30,1,,1,,1,1,1,1.72371175972,35,How to show appreciation?, Give applause.,5
2024,6,L,,,,,1.41473396848,,,,25,30,1,,2,,1,1,1,1.15199432599,59,How to give to charity?, Use a camera.,5
2024,7,R,,,,,1.80101092968,,,,25,30,1,,3,,1,1,1,3.32132875626,10,How to feel secure?, Save money.,6
2024,8,R,,,,,2.1068249234,,,,25,30,1,,8,,1,1,1,1.22020553609,16,How to spread joy?, Get a job.,6
2024,9,R,,,,,2.30689320156,,,,25,30,1,,9,,1,1,1,1.20149038214,0,Why take aspirin?, Serve alcohol.,1
2024,10,L,,,,,1.799423408,,,,25,30,1,,7,,1,1,1,3.12103253006,20,Why use a comb?, Write a song.,1
2024,11,L,,,,,1.24529262385,,,,25,30,1,,3,,1,1,1,3.53671260769,38,How to watch television?, Use a remote.,4
2024,12,R,,,,,2.06517503603,,,,25,30,1,,8,,1,1,1,1.39644319823,50,How to make a phone call?, Dial numbers.,4
2024,13,L,,,,,1.65497916054,,,,25,30,1,,5,,1,1,1,2.22794548832,42,How to prepare meals?, Follow recipes.,4
2024,14,R,,,,,1.09791918062,,,,25,30,1,,1,,1,1,1,1.82042519059,4,How to lift weights?, Fasten seatbelt.,4
2024,15,R,,,,,2.72270369206,,,,25,30,1,,6,,1,1,1,1.58900966072,17,How to consume alcohol?, Drink wine.,5
2024,16,L,,,,,2.89632295528,,,,25,30,1,,4,,1,1,1,1.699531147,2,How to avoid diseases?, Kill germs.,5
2024,17,L,,,,,1.02381246771,,,,25,30,1,,8,,1,1,1,1.3940927561,24,How to avoid mistakes?, Obey laws.,6
2024,18,L,,,,,1.60784418802,,,,25,30,1,,5,,1,1,1,1.02832618095,6,How to impress others?, Show intelligence.,6
2024,19,L,,,,,1.47404332179,,,,25,30,1,,3,,1,1,1,2.10947713635,21,Why show intelligence?, Impress others.,3
2024,20,L,,,,,3.45114885072,,,,25,30,1,,6,,1,1,1,1.19913772296,11,Why entertain others?, Express a talent.,3
2024,21,R,,,,,1.99878978684,,,,25,30,1,,1,,1,1,1,1.24623312345,49,Why open a browser?, Write an email.,2
2024,22,L,,,,,1.10809151296,,,,25,30,1,,9,,1,1,1,1.91056868219,43,Why give a lecture?, Teach others.,2
2024,23,R,,,,,1.04019377133,,,,25,30,1,,2,,1,1,1,4.71380892763,51,Why crack eggs?, Make breakfast.,1
2024,24,R,,,,,1.05543269224,,,,25,30,1,,4,,1,1,1,1.06919325032,7,Why wash ones hands?, Kill germs.,1
2024,25,L,,,,,1.06342325961,,,,25,30,1,,4,,1,1,1,1.23239051933,25,How to show intelligence?, Participate in class.,5
2024,26,L,,,,,1.00005867097,,,,25,30,1,,3,,1,1,1,1.93182257422,30,How to entertain oneself?, Watch television.,5
2024,27,R,,,,,4.92956231617,,,,25,30,1,,2,,1,1,1,1.83268904817,22,How to give a lecture?, Brush ones hair.,4
2024,28,R,,,,,1.00510431764,,,,25,30,1,,6,,1,1,1,1.49240634458,39,How to write a song?, Play piano.,4
2024,29,R,,,,,1.80763316311,,,,25,30,1,,5,,1,1,1,4.03350110431,34,Why teach a class?, Obey laws.,2
2024,30,L,,,,,1.97628792922,,,,25,30,1,,8,,1,1,1,1.16760626615,8,Why make a phone call?, Contact a friend.,2
2024,31,R,,,,,2.05983812507,,,,25,30,1,,1,,1,1,1,2.15405409887,40,How to feel well?, Reduce pain.,6
2024,32,L,,,,,3.88384515992,,,,25,30,1,,9,,1,1,1,2.5789520489,54,How to avoid boredom?, Entertain oneself.,6
2024,33,R,,,,,2.60052764396,,,,25,30,1,,9,,1,1,1,1.36560047538,36,Why contact a friend?, Feel connected.,3
2024,34,L,,,,,1.11788922754,,,,25,30,1,,1,,1,1,1,1.23705519153,1,Why hold a party?, Feel sociable.,3
2024,35,R,,,,,1.27197699442,,,,25,30,1,,7,,1,1,1,2.98445407794,27,Why stir ingredients?, Mix a cocktail.,1
2024,36,L,,,,,1.35767339776,,,,25,30,1,,4,,1,1,1,1.27236377412,46,Why clap hands?, Give applause.,1
2024,37,R,,,,,1.18291886417,,,,25,30,1,,3,,1,1,1,2.95455619028,52,How to reduce pain?, Consume medicine.,5
2024,38,R,,,,,2.46742495481,,,,25,30,1,,6,,1,1,1,4.79716439791,32,How to show ambition?, Serve alcohol.,5
2024,39,L,,,,,1.72871381845,,,,25,30,1,,5,,1,1,1,1.30188977937,45,Why show competence?, Pass the time.,3
2024,40,L,,,,,1.28184847497,,,,25,30,1,,8,,1,1,1,1.20298468135,48,Why make a purchase?, Satisfy a need.,3
2024,41,L,,,,,2.03130993354,,,,25,30,1,,2,,1,1,1,1.30970360344,55,How to feel productive?, Finish a job.,6
2024,42,R,,,,,4.28398477913,,,,25,30,1,,8,,1,1,1,1.9750261656,47,How to feel sociable?, Hold a party.,6
2024,43,L,,,,,1.88645256041,,,,25,30,1,,1,,1,1,1,1.01981695668,18,Why use a camera?, Give to charity.,2
2024,44,R,,,,,1.89186416171,,,,25,30,1,,9,,1,1,1,1.1911736399,57,Why make breakfast?, Satisfy hunger.,2
2024,45,L,,,,,2.13250109824,,,,25,30,1,,5,,1,1,1,4.7564710274,31,How to mix a cocktail?, Stir ingredients.,4
2024,46,L,,,,,1.6747036357,,,,25,30,1,,6,,1,1,1,1.01841489472,3,How to dress formally?, Wear ties. ,4
2024,47,R,,,,,1.51829563778,,,,25,30,1,,4,,1,1,1,1.81773661343,29,Why sign ones name?, Write a check.,1
2024,48,R,,,,,1.69635242902,,,,25,30,1,,7,,1,1,1,1.22235717277,37,Why follow recipes?, Prepare meals.,1
2024,49,L,,,,,1.62034992989,,,,25,30,1,,4,,1,1,1,1.08252443096,13,Why consume caffeine?, Stay alert.,2
2024,50,L,,,,,2.80820374537,,,,25,30,1,,2,,1,1,1,1.58455282433,33,Why lift weights?, Build muscles.,2
2024,51,R,,,,,2.20390199671,,,,25,30,1,,7,,1,1,1,2.87731234711,41,Why satisfy hunger?, Show an ability.,3
2024,52,L,,,,,1.25290032096,,,,25,30,1,,3,,1,1,1,2.32632507467,53,Why write an email?, Send a message.,3
2024,53,R,,,,,3.21392573576,,,,25,30,1,,1,,1,1,1,1.87995478526,19,Why turn a doorknob?, Enter a classroom.,1
2024,54,R,,,,,1.99506580061,,,,25,30,1,,9,,1,1,1,1.65839676194,26,Why cut paper?, Clip coupons.,1
2024,55,L,,,,,2.03698113485,,,,25,30,1,,6,,1,1,1,4.19613981626,12,How to write a poem?, Grab a pencil.,4
2024,56,R,,,,,1.99732900359,,,,25,30,1,,8,,1,1,1,1.3663207353,23,How to consume caffeine?, Press buttons.,4
2024,57,R,,,,,1.62576236777,,,,25,30,1,,8,,1,1,1,1.73879713634,58,How to entertain others?, Write a song.,5
2024,58,R,,,,,1.77473170775,,,,25,30,1,,7,,1,1,1,2.39016491674,9,How to attend a school?, Enter a classroom.,5
2024,59,L,,,,,1.47870158478,,,,25,30,1,,3,,1,1,1,1.80188891527,5,How to feel nostalgia?, Keep a memory.,6
2024,60,L,,,,,2.02208500868,,,,25,30,1,,1,,1,1,1,1.93913243033,28,How to feel connected?, Contact a friend.,6
