Subject,Trial,SSonLorR,RT,startingK,endingK,TrialStart,ITI,choiceUp,choiceMade,TrialOver,SSamount,LLamount,Condition,Choice,SSdelay,LLdelay,salienceCondition,day,runid,TaskInterval,RewardTrialRanked,Construal_QuestionText,Construal_AnswerText,Construal_Condition
2162,1,L,,,,,0.797567411754,,,,25,30,1,,2,,1,2,3,0.517259217906,0,,,
2162,2,R,,,,,3.45018220697,,,,25,30,1,,4,,1,2,3,0.636655137326,1,,,
2162,3,L,,,,,3.03132508673,,,,25,30,1,,5,,1,2,3,1.18098858219,3,,,
2162,4,R,,,,,1.10771586334,,,,25,30,1,,9,,1,2,3,0.751841384478,2,,,
