Subject,Trial,SSonLorR,RT,startingK,endingK,TrialStart,ITI,choiceUp,choiceMade,TrialOver,SSamount,LLamount,Condition,Choice,SSdelay,LLdelay,salienceCondition,day,runid,TaskInterval,RewardTrialRanked,Construal_QuestionText,Construal_AnswerText,Construal_Condition
2155,1,R,,,,,1.75189023886,,,,25,30,1,,5,,1,3,2,1.20871009645,25,How to contact a friend?, Make a phone call.,5
2155,2,L,,,,,2.65560369112,,,,25,30,1,,7,,1,3,2,2.50715009735,20,How to provide food?, Prepare meals.,5
2155,3,L,,,,,3.60772763651,,,,25,30,1,,6,,1,3,2,1.06275270879,1,Why drink wine?, Consume alcohol.,2
2155,4,L,,,,,1.6565650484,,,,25,30,1,,2,,1,3,2,2.09961585111,0,Why enter a classroom?, Attend a school.,2
2155,5,L,,,,,1.36301468996,,,,25,30,1,,4,,1,3,2,1.22471875293,19,Why sign ones name?, Write a check.,1
2155,6,L,,,,,5.22219092407,,,,25,30,1,,8,,1,3,2,1.24268474857,55,Why use a brush?, Paint a picture.,1
2155,7,R,,,,,2.41219950951,,,,25,30,1,,3,,1,3,2,1.4159840446,10,Why plan ahead?, Reduce worry.,3
2155,8,R,,,,,1.11682776419,,,,25,30,1,,9,,1,3,2,4.523497537,21,Why build muscles?, Show humility.,3
2155,9,L,,,,,1.681950087,,,,25,30,1,,5,,1,3,2,3.416092998,46,How to consume medicine?, Take pills. ,4
2155,10,R,,,,,3.4885159252,,,,25,30,1,,8,,1,3,2,1.98343869039,52,How to write a poem?, Grab a pencil.,4
2155,11,R,,,,,1.63526342304,,,,25,30,1,,2,,1,3,2,1.69518634132,13,How to show cleanliness?, Write an email.,6
2155,12,R,,,,,1.33966330628,,,,25,30,1,,7,,1,3,2,1.00625832367,41,How to avoid boredom?, Entertain oneself.,6
2155,13,R,,,,,1.06517657847,,,,25,30,1,,1,,1,3,2,1.27280578038,50,Why participate in class?, Show intelligence.,2
2155,14,L,,,,,1.57299753057,,,,25,30,1,,3,,1,3,2,1.91850712472,32,Why take a picture?, Keep a memory.,2
2155,15,R,,,,,1.15099601325,,,,25,30,1,,9,,1,3,2,4.34688653593,38,How to feel connected?, Contact a friend.,6
2155,16,R,,,,,4.32967206984,,,,25,30,1,,6,,1,3,2,1.57364538323,35,How to live a long life?, Avoid diseases.,6
2155,17,L,,,,,1.51165763007,,,,25,30,1,,3,,1,3,2,1.36954749204,31,Why make art?, Show creativity.,3
2155,18,R,,,,,2.19318114794,,,,25,30,1,,7,,1,3,2,1.18797017272,34,Why avoid diseases?, Live a long life.,3
2155,19,R,,,,,1.33102610501,,,,25,30,1,,4,,1,3,2,1.92599093229,58,How to clip coupons?, Cut paper.,4
2155,20,L,,,,,1.60058601853,,,,25,30,1,,8,,1,3,2,1.82391127851,51,How to make a phone call?, Dial numbers.,4
2155,21,L,,,,,1.34959690215,,,,25,30,1,,1,,1,3,2,4.11728822611,7,Why stir ingredients?, Mix a cocktail.,1
2155,22,L,,,,,1.07606528327,,,,25,30,1,,9,,1,3,2,2.4290588004,36,Why use a remote?, Watch television.,1
2155,23,L,,,,,1.76841329706,,,,25,30,1,,6,,1,3,2,1.02352093722,22,How to express doubt?, Use scissors.,5
2155,24,R,,,,,1.5090788256,,,,25,30,1,,2,,1,3,2,1.91240565899,8,How to build muscles?, Lift weights.,5
2155,25,L,,,,,1.33002685378,,,,25,30,1,,1,,1,3,2,1.13689591032,48,Why write an email?, Send a message.,3
2155,26,L,,,,,1.73998643268,,,,25,30,1,,7,,1,3,2,3.25867069612,53,Why show intelligence?, Impress others.,3
2155,27,R,,,,,2.6793279396,,,,25,30,1,,2,,1,3,2,2.91285492711,2,Why throw away trash?, Make a list.,1
2155,28,R,,,,,2.02982854248,,,,25,30,1,,9,,1,3,2,1.06998334869,6,Why crack eggs?, Make breakfast.,1
2155,29,L,,,,,1.68678843538,,,,25,30,1,,5,,1,3,2,2.7823066217,44,How to show creativity?, Make art.,6
2155,30,R,,,,,1.24184800061,,,,25,30,1,,4,,1,3,2,1.34058668974,29,How to impress others?, Show intelligence.,6
2155,31,R,,,,,1.0749674608,,,,25,30,1,,6,,1,3,2,2.0296284775,40,How to go shopping?, Use credit cards.,4
2155,32,L,,,,,2.42692217643,,,,25,30,1,,8,,1,3,2,1.18106424787,59,How to prepare meals?, Follow recipes.,4
2155,33,R,,,,,2.07065200446,,,,25,30,1,,5,,1,3,2,2.42201770755,45,Why consume caffeine?, Stay alert.,2
2155,34,L,,,,,1.86068244705,,,,25,30,1,,3,,1,3,2,1.62431636654,4,Why teach a class?, Obey laws.,2
2155,35,R,,,,,2.64146979667,,,,25,30,1,,8,,1,3,2,2.63762550905,47,How to teach others?, Give a lecture.,5
2155,36,L,,,,,2.0158112435,,,,25,30,1,,1,,1,3,2,1.06800474453,28,How to show intelligence?, Participate in class.,5
2155,37,R,,,,,1.67580480261,,,,25,30,1,,2,,1,3,2,2.51095515986,54,Why point a camera?, Take a picture.,1
2155,38,L,,,,,1.6718783453,,,,25,30,1,,7,,1,3,2,1.11453245958,26,Why use a comb?, Write a song.,1
2155,39,R,,,,,2.55036087171,,,,25,30,1,,4,,1,3,2,1.55568256506,23,Why kill germs?, Avoid diseases.,2
2155,40,L,,,,,1.39052466185,,,,25,30,1,,9,,1,3,2,4.52596655277,16,Why dress formally?, Get a promotion.,2
2155,41,R,,,,,1.29090406991,,,,25,30,1,,4,,1,3,2,1.47643204029,24,How to give a lecture?, Brush ones hair.,4
2155,42,L,,,,,3.25286703483,,,,25,30,1,,3,,1,3,2,1.34873794104,3,How to consume caffeine?, Press buttons.,4
2155,43,R,,,,,5.83434871518,,,,25,30,1,,2,,1,3,2,3.19911555788,17,How to feel nostalgia?, Keep a memory.,6
2155,44,L,,,,,1.7018712127,,,,25,30,1,,6,,1,3,2,2.63037248896,37,How to get a degree?, Attend a school.,6
2155,45,R,,,,,1.53042296022,,,,25,30,1,,7,,1,3,2,1.48506531571,49,How to make a purchase?, Go shopping.,5
2155,46,L,,,,,1.68680384102,,,,25,30,1,,1,,1,3,2,1.61357629433,42,How to show ambition?, Serve alcohol.,5
2155,47,R,,,,,1.06369599494,,,,25,30,1,,9,,1,3,2,1.16443471429,15,Why keep a memory?, Feel nostalgia.,3
2155,48,L,,,,,1.16616009061,,,,25,30,1,,5,,1,3,2,1.47330612808,14,Why satisfy hunger?, Show an ability.,3
2155,49,L,,,,,1.19393600508,,,,25,30,1,,2,,1,3,2,1.72439686636,30,How to open a browser?, Click a mouse.,4
2155,50,R,,,,,3.81353627304,,,,25,30,1,,5,,1,3,2,3.24306354465,18,How to paint a picture?, Use a brush.,4
2155,51,R,,,,,1.73025984214,,,,25,30,1,,6,,1,3,2,1.63753179969,12,Why lift a glass?, Drink wine.,1
2155,52,L,,,,,2.30355896815,,,,25,30,1,,7,,1,3,2,1.53431587748,27,Why wear ties?, Dress formally.,1
2155,53,L,,,,,1.72661468714,,,,25,30,1,,9,,1,3,2,1.66342320893,39,How to reduce pain?, Consume medicine.,5
2155,54,R,,,,,1.35478750164,,,,25,30,1,,8,,1,3,2,2.39230955814,9,How to write an email?, Open a browser.,5
2155,55,L,,,,,2.70223167079,,,,25,30,1,,1,,1,3,2,1.51002920184,5,How to show an ability?, Satisfy hunger.,6
2155,56,R,,,,,2.60238521435,,,,25,30,1,,3,,1,3,2,1.23330531974,11,How to show intellect?, Share ideas.,6
2155,57,R,,,,,1.61788360458,,,,25,30,1,,9,,1,3,2,1.07730921215,33,Why get a promotion?, Achieve success.,3
2155,58,L,,,,,1.88222732901,,,,25,30,1,,2,,1,3,2,3.54929893029,57,Why make a purchase?, Satisfy a need.,3
2155,59,L,,,,,2.08589064113,,,,25,30,1,,1,,1,3,2,2.64706933469,56,Why make a list?, Plan ahead.,2
2155,60,R,,,,,1.26900701437,,,,25,30,1,,4,,1,3,2,1.35344093547,43,Why write a poem?, Express an idea.,2
