Subject,Trial,SSonLorR,RT,startingK,endingK,TrialStart,ITI,choiceUp,choiceMade,TrialOver,SSamount,LLamount,Condition,Choice,SSdelay,LLdelay,salienceCondition,day,runid,TaskInterval,RewardTrialRanked,Construal_QuestionText,Construal_AnswerText,Construal_Condition
2076,1,L,,,,,2.37477298347,,,,25,30,1,,6,,1,3,3,0.692974471263,0,,,
2076,2,R,,,,,1.03452726961,,,,25,30,1,,5,,1,3,3,1.35190175915,1,,,
2076,3,R,,,,,3.23026173767,,,,25,30,1,,4,,1,3,3,0.50202010796,3,,,
2076,4,L,,,,,0.756945841519,,,,25,30,1,,7,,1,3,3,0.691139845007,2,,,
