Subject,Trial,SSonLorR,RT,startingK,endingK,TrialStart,ITI,choiceUp,choiceMade,TrialOver,SSamount,LLamount,Condition,Choice,SSdelay,LLdelay,salienceCondition,day,runid,TaskInterval,RewardTrialRanked,Construal_QuestionText,Construal_AnswerText,Construal_Condition
2118,1,L,,,,,1.06342360896,,,,,31,1,,5,90,0,3,2,1.83825224331,23,How to show appreciation?, Give applause.,5
2118,2,L,,,,,1.77087398084,,,,,26,1,,5,90,0,3,2,1.3688071749,38,How to satisfy hunger?, Make breakfast.,5
2118,3,R,,,,,1.17780949738,,,,,27,1,,5,90,0,3,2,1.7698967663,59,Why avoid diseases?, Live a long life.,3
2118,4,L,,,,,2.85580156083,,,,,33,1,,5,90,0,3,2,1.19887530269,45,Why gain knowledge?, Improve oneself.,3
2118,5,R,,,,,1.46727931006,,,,,20,1,,5,90,0,3,2,1.66639850547,52,Why clip coupons?, Save money.,2
2118,6,R,,,,,1.00009451782,,,,,22,1,,5,90,0,3,2,1.09791213314,19,Why enter a classroom?, Attend a school.,2
2118,7,R,,,,,1.66666075779,,,,,39,1,,5,90,0,3,2,1.62467180266,9,Why use chalk?, Get fit.,1
2118,8,R,,,,,1.15850782808,,,,,23,1,,5,90,0,3,2,2.13866965647,53,Why sign ones name?, Write a check.,1
2118,9,R,,,,,2.37146125503,,,,,24,1,,5,90,0,3,2,1.37428279863,6,How to feel connected?, Contact a friend.,6
2118,10,L,,,,,2.52628437403,,,,,37,1,,5,90,0,3,2,1.30796023153,31,How to feel secure?, Save money.,6
2118,11,R,,,,,2.10194031379,,,,,21,1,,5,90,0,3,2,1.55343144316,4,How to prepare meals?, Follow recipes.,4
2118,12,L,,,,,2.87151018951,,,,,29,1,,5,90,0,3,2,1.12007517324,27,How to write a poem?, Grab a pencil.,4
2118,13,R,,,,,1.98304071608,,,,,35,1,,5,90,0,3,2,1.55364878597,22,Why use a camera?, Give to charity.,2
2118,14,R,,,,,2.39983559928,,,,,38,1,,5,90,0,3,2,2.78225552449,29,Why give a lecture?, Teach others.,2
2118,15,L,,,,,1.91366139847,,,,,32,1,,5,90,0,3,2,4.26115587163,58,Why make a purchase?, Satisfy a need.,3
2118,16,L,,,,,2.80297238046,,,,,30,1,,5,90,0,3,2,2.92684052237,25,Why show appreciation?, Spread joy.,3
2118,17,R,,,,,3.80843827311,,,,,28,1,,5,90,0,3,2,1.88872251657,14,How to feel well?, Reduce pain.,6
2118,18,R,,,,,1.76757988136,,,,,34,1,,5,90,0,3,2,4.08000576703,36,How to spread joy?, Get a job.,6
2118,19,L,,,,,1.592341513,,,,,36,1,,5,90,0,3,2,1.962011255,17,Why wear ties?, Dress formally.,1
2118,20,L,,,,,2.73806951327,,,,,25,1,,5,90,0,3,2,2.32719922483,1,Why turn a doorknob?, Enter a classroom.,1
2118,21,R,,,,,1.79608393794,,,,,23,1,,5,90,0,3,2,1.11902440391,47,How to give to charity?, Use a camera.,5
2118,22,L,,,,,1.20807425595,,,,,35,1,,5,90,0,3,2,2.3655570152,37,How to show ambition?, Serve alcohol.,5
2118,23,L,,,,,2.28854648157,,,,,36,1,,5,90,0,3,2,1.10614988358,16,How to watch television?, Use a remote.,4
2118,24,L,,,,,1.15690875517,,,,,20,1,,5,90,0,3,2,2.98419663775,49,How to drink wine?, Open a bottle. ,4
2118,25,L,,,,,2.12460790868,,,,,38,1,,5,90,0,3,2,3.0999303834,56,How to take a picture?, Point a camera.,4
2118,26,R,,,,,2.52338938078,,,,,22,1,,5,90,0,3,2,1.32501135508,43,How to make a list?, Throw away trash.,4
2118,27,R,,,,,1.11537024744,,,,,37,1,,5,90,0,3,2,2.48836259478,32,How to show creativity?, Make art.,6
2118,28,L,,,,,1.13125414864,,,,,30,1,,5,90,0,3,2,1.61479203486,5,How to reduce worry?, Plan ahead.,6
2118,29,L,,,,,1.05359505874,,,,,29,1,,5,90,0,3,2,2.55256997485,40,Why point a camera?, Take a picture.,1
2118,30,R,,,,,3.91174495277,,,,,40,1,,5,90,0,3,2,1.53946327589,8,Why use a brush?, Paint a picture.,1
2118,31,L,,,,,3.21741095444,,,,,34,1,,5,90,0,3,2,1.82704132726,13,Why read articles?, Gain knowledge.,2
2118,32,L,,,,,2.12290478856,,,,,25,1,,5,90,0,3,2,2.09552472001,20,Why participate in class?, Show intelligence.,2
2118,33,L,,,,,1.73005940887,,,,,24,1,,5,90,0,3,2,3.17067988076,21,Why show intelligence?, Impress others.,3
2118,34,R,,,,,1.98504940582,,,,,27,1,,5,90,0,3,2,1.03101745264,30,Why build muscles?, Show humility.,3
2118,35,R,,,,,1.74117127304,,,,,28,1,,5,90,0,3,2,1.14233807943,57,How to entertain others?, Write a song.,5
2118,36,R,,,,,1.19960789858,,,,,39,1,,5,90,0,3,2,3.43507655018,33,How to make a purchase?, Go shopping.,5
2118,37,L,,,,,1.03470053671,,,,,21,1,,5,90,0,3,2,1.14070275613,46,How to get a promotion?, Arrive on time.,5
2118,38,R,,,,,1.1586733747,,,,,26,1,,5,90,0,3,2,1.17088037262,55,How to avoid diseases?, Kill germs.,5
2118,39,R,,,,,1.95317368855,,,,,31,1,,5,90,0,3,2,1.77102961119,48,How to avoid boredom?, Entertain oneself.,6
2118,40,L,,,,,3.80061917009,,,,,32,1,,5,90,0,3,2,2.47986154937,7,How to live a long life?, Avoid diseases.,6
2118,41,R,,,,,1.97563316019,,,,,37,1,,5,90,0,3,2,1.40761262452,11,How to clip coupons?, Cut paper.,4
2118,42,L,,,,,2.34868523086,,,,,32,1,,5,90,0,3,2,3.53715984326,12,How to mix a cocktail?, Stir ingredients.,4
2118,43,R,,,,,1.33735320925,,,,,34,1,,5,90,0,3,2,2.58352912375,44,Why entertain others?, Express a talent.,3
2118,44,L,,,,,3.88715033071,,,,,25,1,,5,90,0,3,2,2.41864043174,15,Why share ideas?, Show intellect.,3
2118,45,L,,,,,1.22031495326,,,,,31,1,,5,90,0,3,2,1.13288825323,51,Why open a magazine?, Read articles.,1
2118,46,R,,,,,1.44374142155,,,,,33,1,,5,90,0,3,2,2.36561003099,10,Why wash ones hands?, Kill germs.,1
2118,47,R,,,,,3.59605940059,,,,,27,1,,5,90,0,3,2,1.16417720624,34,Why lift weights?, Build muscles.,2
2118,48,L,,,,,1.17009012435,,,,,23,1,,5,90,0,3,2,1.30313940026,54,Why paint a picture?, Make art.,2
2118,49,L,,,,,2.31300643325,,,,,39,1,,5,90,0,3,2,1.23339504596,26,Why raise a hand?, Participate in class.,1
2118,50,R,,,,,2.36767551828,,,,,24,1,,5,90,0,3,2,2.12550333207,2,Why dial numbers?, Make a phone call.,1
2118,51,R,,,,,2.37641250355,,,,,21,1,,5,90,0,3,2,2.05531204729,50,How to make breakfast?, Crack eggs.,4
2118,52,L,,,,,1.8223098455,,,,,20,1,,5,90,0,3,2,2.65144832418,24,How to make a phone call?, Dial numbers.,4
2118,53,L,,,,,1.15513579128,,,,,40,1,,5,90,0,3,2,1.50694228745,18,Why make art?, Show creativity.,3
2118,54,R,,,,,1.9236538216,,,,,28,1,,5,90,0,3,2,2.27661727799,0,Why provide food?, Help a person.,3
2118,55,L,,,,,1.00216226491,,,,,36,1,,5,90,0,3,2,3.21583390218,3,How to contact a friend?, Make a phone call.,5
2118,56,R,,,,,1.05284062664,,,,,22,1,,5,90,0,3,2,3.14292305946,42,How to show intelligence?, Participate in class.,5
2118,57,L,,,,,3.39279329776,,,,,38,1,,5,90,0,3,2,2.04063175247,39,Why dress formally?, Get a promotion.,2
2118,58,R,,,,,2.08574551787,,,,,30,1,,5,90,0,3,2,1.03047858513,35,Why make a phone call?, Contact a friend.,2
2118,59,R,,,,,1.12259613315,,,,,35,1,,5,90,0,3,2,1.45870917896,41,How to show cleanliness?, Write an email.,6
2118,60,L,,,,,2.66458861969,,,,,26,1,,5,90,0,3,2,2.87533052056,28,How to spread knowledge?, Teach others.,6
